DATA,MENSAGEM,CLIENTE,TIPO DE SERVIÇO,EDITOR,FREQUÊNCIA,Dias até o Alarme
2024-05-21,PRAZO FINAL É HOJE!,sfsdfsdfsd,sdfsfsdfsdfs,sdfsdfs,Diário,0
2024-05-22,PRAZO FINAL É HOJE!,sfsdfsdfsd,sdfsfsdfsdfs,sdfsdfs,Diário,1
2024-05-23,PRAZO FINAL É HOJE!,sfsdfsdfsd,sdfsfsdfsdfs,sdfsdfs,Diário,2
2024-05-24,PRAZO FINAL É HOJE!,sfsdfsdfsd,sdfsfsdfsdfs,sdfsdfs,Diário,3
2024-05-25,PRAZO FINAL É HOJE!,sfsdfsdfsd,sdfsfsdfsdfs,sdfsdfs,Diário,4
2024-05-26,PRAZO FINAL É HOJE!,sfsdfsdfsd,sdfsfsdfsdfs,sdfsdfs,Diário,5
2024-05-27,PRAZO FINAL É HOJE!,sfsdfsdfsd,sdfsfsdfsdfs,sdfsdfs,Diário,6
2024-05-28,PRAZO FINAL É HOJE!,sfsdfsdfsd,sdfsfsdfsdfs,sdfsdfs,Diário,7
2024-05-29,PRAZO FINAL É HOJE!,sfsdfsdfsd,sdfsfsdfsdfs,sdfsdfs,Diário,8
2024-05-30,PRAZO FINAL É HOJE!,sfsdfsdfsd,sdfsfsdfsdfs,sdfsdfs,Diário,9
2024-05-31,PRAZO FINAL É HOJE!,sfsdfsdfsd,sdfsfsdfsdfs,sdfsdfs,Diário,10
2024-06-01,PRAZO FINAL É HOJE!,sfsdfsdfsd,sdfsfsdfsdfs,sdfsdfs,Diário,11
2024-06-02,PRAZO FINAL É HOJE!,sfsdfsdfsd,sdfsfsdfsdfs,sdfsdfs,Diário,12
2024-06-03,PRAZO FINAL É HOJE!,sfsdfsdfsd,sdfsfsdfsdfs,sdfsdfs,Diário,13
2024-06-04,PRAZO FINAL É HOJE!,sfsdfsdfsd,sdfsfsdfsdfs,sdfsdfs,Diário,14
2024-06-05,PRAZO FINAL É HOJE!,sfsdfsdfsd,sdfsfsdfsdfs,sdfsdfs,Diário,15
2024-06-06,PRAZO FINAL É HOJE!,sfsdfsdfsd,sdfsfsdfsdfs,sdfsdfs,Diário,16
2024-06-07,PRAZO FINAL É HOJE!,sfsdfsdfsd,sdfsfsdfsdfs,sdfsdfs,Diário,17
2024-06-08,PRAZO FINAL É HOJE!,sfsdfsdfsd,sdfsfsdfsdfs,sdfsdfs,Diário,18
2024-06-09,PRAZO FINAL É HOJE!,sfsdfsdfsd,sdfsfsdfsdfs,sdfsdfs,Diário,19
2024-06-10,PRAZO FINAL É HOJE!,sfsdfsdfsd,sdfsfsdfsdfs,sdfsdfs,Diário,20
2024-06-11,PRAZO FINAL É HOJE!,sfsdfsdfsd,sdfsfsdfsdfs,sdfsdfs,Diário,21
2024-06-12,PRAZO FINAL É HOJE!,sfsdfsdfsd,sdfsfsdfsdfs,sdfsdfs,Diário,22
2024-06-13,PRAZO FINAL É HOJE!,sfsdfsdfsd,sdfsfsdfsdfs,sdfsdfs,Diário,23
2024-06-14,PRAZO FINAL É HOJE!,sfsdfsdfsd,sdfsfsdfsdfs,sdfsdfs,Diário,24
2024-06-15,PRAZO FINAL É HOJE!,sfsdfsdfsd,sdfsfsdfsdfs,sdfsdfs,Diário,25
2024-06-16,PRAZO FINAL É HOJE!,sfsdfsdfsd,sdfsfsdfsdfs,sdfsdfs,Diário,26
2024-06-17,PRAZO FINAL É HOJE!,sfsdfsdfsd,sdfsfsdfsdfs,sdfsdfs,Diário,27
2024-06-18,PRAZO FINAL É HOJE!,sfsdfsdfsd,sdfsfsdfsdfs,sdfsdfs,Diário,28
2024-06-19,PRAZO FINAL É HOJE!,sfsdfsdfsd,sdfsfsdfsdfs,sdfsdfs,Diário,29
2024-06-20,PRAZO FINAL É HOJE!,sfsdfsdfsd,sdfsfsdfsdfs,sdfsdfs,Diário,30
2024-06-21,PRAZO FINAL É HOJE!,sfsdfsdfsd,sdfsfsdfsdfs,sdfsdfs,Diário,31
2024-06-22,PRAZO FINAL É HOJE!,sfsdfsdfsd,sdfsfsdfsdfs,sdfsdfs,Diário,32
2024-06-23,PRAZO FINAL É HOJE!,sfsdfsdfsd,sdfsfsdfsdfs,sdfsdfs,Diário,33
2024-06-24,PRAZO FINAL É HOJE!,sfsdfsdfsd,sdfsfsdfsdfs,sdfsdfs,Diário,34
2024-06-25,PRAZO FINAL É HOJE!,sfsdfsdfsd,sdfsfsdfsdfs,sdfsdfs,Diário,35
2024-06-26,PRAZO FINAL É HOJE!,sfsdfsdfsd,sdfsfsdfsdfs,sdfsdfs,Diário,36
2024-06-27,PRAZO FINAL É HOJE!,sfsdfsdfsd,sdfsfsdfsdfs,sdfsdfs,Diário,37
2024-06-28,PRAZO FINAL É HOJE!,sfsdfsdfsd,sdfsfsdfsdfs,sdfsdfs,Diário,38
2024-06-29,PRAZO FINAL É HOJE!,sfsdfsdfsd,sdfsfsdfsdfs,sdfsdfs,Diário,39
2024-06-30,PRAZO FINAL É HOJE!,sfsdfsdfsd,sdfsfsdfsdfs,sdfsdfs,Diário,40
2024-07-01,PRAZO FINAL É HOJE!,sfsdfsdfsd,sdfsfsdfsdfs,sdfsdfs,Diário,41
2024-07-02,PRAZO FINAL É HOJE!,sfsdfsdfsd,sdfsfsdfsdfs,sdfsdfs,Diário,42
2024-07-03,PRAZO FINAL É HOJE!,sfsdfsdfsd,sdfsfsdfsdfs,sdfsdfs,Diário,43
2024-07-04,PRAZO FINAL É HOJE!,sfsdfsdfsd,sdfsfsdfsdfs,sdfsdfs,Diário,44
2024-07-05,PRAZO FINAL É HOJE!,sfsdfsdfsd,sdfsfsdfsdfs,sdfsdfs,Diário,45
2024-07-06,PRAZO FINAL É HOJE!,sfsdfsdfsd,sdfsfsdfsdfs,sdfsdfs,Diário,46
2024-07-07,PRAZO FINAL É HOJE!,sfsdfsdfsd,sdfsfsdfsdfs,sdfsdfs,Diário,47
2024-07-08,PRAZO FINAL É HOJE!,sfsdfsdfsd,sdfsfsdfsdfs,sdfsdfs,Diário,48
2024-07-09,PRAZO FINAL É HOJE!,sfsdfsdfsd,sdfsfsdfsdfs,sdfsdfs,Diário,49
2024-07-10,PRAZO FINAL É HOJE!,sfsdfsdfsd,sdfsfsdfsdfs,sdfsdfs,Diário,50
2024-07-11,PRAZO FINAL É HOJE!,sfsdfsdfsd,sdfsfsdfsdfs,sdfsdfs,Diário,51
2024-07-12,PRAZO FINAL É HOJE!,sfsdfsdfsd,sdfsfsdfsdfs,sdfsdfs,Diário,52
2024-07-13,PRAZO FINAL É HOJE!,sfsdfsdfsd,sdfsfsdfsdfs,sdfsdfs,Diário,53
2024-07-14,PRAZO FINAL É HOJE!,sfsdfsdfsd,sdfsfsdfsdfs,sdfsdfs,Diário,54
2024-07-15,PRAZO FINAL É HOJE!,sfsdfsdfsd,sdfsfsdfsdfs,sdfsdfs,Diário,55
2024-07-16,PRAZO FINAL É HOJE!,sfsdfsdfsd,sdfsfsdfsdfs,sdfsdfs,Diário,56
2024-07-17,PRAZO FINAL É HOJE!,sfsdfsdfsd,sdfsfsdfsdfs,sdfsdfs,Diário,57
2024-07-18,PRAZO FINAL É HOJE!,sfsdfsdfsd,sdfsfsdfsdfs,sdfsdfs,Diário,58
2024-07-19,PRAZO FINAL É HOJE!,sfsdfsdfsd,sdfsfsdfsdfs,sdfsdfs,Diário,59
2024-07-20,PRAZO FINAL É HOJE!,sfsdfsdfsd,sdfsfsdfsdfs,sdfsdfs,Diário,60
2024-07-21,PRAZO FINAL É HOJE!,sfsdfsdfsd,sdfsfsdfsdfs,sdfsdfs,Diário,61
2024-07-22,PRAZO FINAL É HOJE!,sfsdfsdfsd,sdfsfsdfsdfs,sdfsdfs,Diário,62
2024-07-23,PRAZO FINAL É HOJE!,sfsdfsdfsd,sdfsfsdfsdfs,sdfsdfs,Diário,63
2024-07-24,PRAZO FINAL É HOJE!,sfsdfsdfsd,sdfsfsdfsdfs,sdfsdfs,Diário,64
2024-07-25,PRAZO FINAL É HOJE!,sfsdfsdfsd,sdfsfsdfsdfs,sdfsdfs,Diário,65
2024-07-26,PRAZO FINAL É HOJE!,sfsdfsdfsd,sdfsfsdfsdfs,sdfsdfs,Diário,66
2024-07-27,PRAZO FINAL É HOJE!,sfsdfsdfsd,sdfsfsdfsdfs,sdfsdfs,Diário,67
2024-07-28,PRAZO FINAL É HOJE!,sfsdfsdfsd,sdfsfsdfsdfs,sdfsdfs,Diário,68
2024-07-29,PRAZO FINAL É HOJE!,sfsdfsdfsd,sdfsfsdfsdfs,sdfsdfs,Diário,69
2024-07-30,PRAZO FINAL É HOJE!,sfsdfsdfsd,sdfsfsdfsdfs,sdfsdfs,Diário,70
2024-07-31,PRAZO FINAL É HOJE!,sfsdfsdfsd,sdfsfsdfsdfs,sdfsdfs,Diário,71
2024-08-01,PRAZO FINAL É HOJE!,sfsdfsdfsd,sdfsfsdfsdfs,sdfsdfs,Diário,72
2024-08-02,PRAZO FINAL É HOJE!,sfsdfsdfsd,sdfsfsdfsdfs,sdfsdfs,Diário,73
2024-08-03,PRAZO FINAL É HOJE!,sfsdfsdfsd,sdfsfsdfsdfs,sdfsdfs,Diário,74
2024-08-04,PRAZO FINAL É HOJE!,sfsdfsdfsd,sdfsfsdfsdfs,sdfsdfs,Diário,75
2024-08-05,PRAZO FINAL É HOJE!,sfsdfsdfsd,sdfsfsdfsdfs,sdfsdfs,Diário,76
2024-08-06,PRAZO FINAL É HOJE!,sfsdfsdfsd,sdfsfsdfsdfs,sdfsdfs,Diário,77
2024-08-07,PRAZO FINAL É HOJE!,sfsdfsdfsd,sdfsfsdfsdfs,sdfsdfs,Diário,78
2024-08-08,PRAZO FINAL É HOJE!,sfsdfsdfsd,sdfsfsdfsdfs,sdfsdfs,Diário,79
2024-08-09,PRAZO FINAL É HOJE!,sfsdfsdfsd,sdfsfsdfsdfs,sdfsdfs,Diário,80
2024-08-10,PRAZO FINAL É HOJE!,sfsdfsdfsd,sdfsfsdfsdfs,sdfsdfs,Diário,81
2024-08-11,PRAZO FINAL É HOJE!,sfsdfsdfsd,sdfsfsdfsdfs,sdfsdfs,Diário,82
2024-08-12,PRAZO FINAL É HOJE!,sfsdfsdfsd,sdfsfsdfsdfs,sdfsdfs,Diário,83
2024-08-13,PRAZO FINAL É HOJE!,sfsdfsdfsd,sdfsfsdfsdfs,sdfsdfs,Diário,84
2024-08-14,PRAZO FINAL É HOJE!,sfsdfsdfsd,sdfsfsdfsdfs,sdfsdfs,Diário,85
2024-08-15,PRAZO FINAL É HOJE!,sfsdfsdfsd,sdfsfsdfsdfs,sdfsdfs,Diário,86
2024-08-16,PRAZO FINAL É HOJE!,sfsdfsdfsd,sdfsfsdfsdfs,sdfsdfs,Diário,87
2024-08-17,PRAZO FINAL É HOJE!,sfsdfsdfsd,sdfsfsdfsdfs,sdfsdfs,Diário,88
2024-08-18,PRAZO FINAL É HOJE!,sfsdfsdfsd,sdfsfsdfsdfs,sdfsdfs,Diário,89
2024-08-19,PRAZO FINAL É HOJE!,sfsdfsdfsd,sdfsfsdfsdfs,sdfsdfs,Diário,90
2024-08-20,PRAZO FINAL É HOJE!,sfsdfsdfsd,sdfsfsdfsdfs,sdfsdfs,Diário,91
2024-08-21,PRAZO FINAL É HOJE!,sfsdfsdfsd,sdfsfsdfsdfs,sdfsdfs,Diário,92
2024-08-22,PRAZO FINAL É HOJE!,sfsdfsdfsd,sdfsfsdfsdfs,sdfsdfs,Diário,93
2024-08-23,PRAZO FINAL É HOJE!,sfsdfsdfsd,sdfsfsdfsdfs,sdfsdfs,Diário,94
2024-08-24,PRAZO FINAL É HOJE!,sfsdfsdfsd,sdfsfsdfsdfs,sdfsdfs,Diário,95
2024-08-25,PRAZO FINAL É HOJE!,sfsdfsdfsd,sdfsfsdfsdfs,sdfsdfs,Diário,96
2024-08-26,PRAZO FINAL É HOJE!,sfsdfsdfsd,sdfsfsdfsdfs,sdfsdfs,Diário,97
2024-08-27,PRAZO FINAL É HOJE!,sfsdfsdfsd,sdfsfsdfsdfs,sdfsdfs,Diário,98
2024-08-28,PRAZO FINAL É HOJE!,sfsdfsdfsd,sdfsfsdfsdfs,sdfsdfs,Diário,99
2024-08-29,PRAZO FINAL É HOJE!,sfsdfsdfsd,sdfsfsdfsdfs,sdfsdfs,Diário,100
2024-08-30,PRAZO FINAL É HOJE!,sfsdfsdfsd,sdfsfsdfsdfs,sdfsdfs,Diário,101
2024-08-31,PRAZO FINAL É HOJE!,sfsdfsdfsd,sdfsfsdfsdfs,sdfsdfs,Diário,102
2024-09-01,PRAZO FINAL É HOJE!,sfsdfsdfsd,sdfsfsdfsdfs,sdfsdfs,Diário,103
2024-09-02,PRAZO FINAL É HOJE!,sfsdfsdfsd,sdfsfsdfsdfs,sdfsdfs,Diário,104
2024-09-03,PRAZO FINAL É HOJE!,sfsdfsdfsd,sdfsfsdfsdfs,sdfsdfs,Diário,105
2024-09-04,PRAZO FINAL É HOJE!,sfsdfsdfsd,sdfsfsdfsdfs,sdfsdfs,Diário,106
2024-09-05,PRAZO FINAL É HOJE!,sfsdfsdfsd,sdfsfsdfsdfs,sdfsdfs,Diário,107
2024-09-06,PRAZO FINAL É HOJE!,sfsdfsdfsd,sdfsfsdfsdfs,sdfsdfs,Diário,108
2024-09-07,PRAZO FINAL É HOJE!,sfsdfsdfsd,sdfsfsdfsdfs,sdfsdfs,Diário,109
2024-09-08,PRAZO FINAL É HOJE!,sfsdfsdfsd,sdfsfsdfsdfs,sdfsdfs,Diário,110
2024-09-09,PRAZO FINAL É HOJE!,sfsdfsdfsd,sdfsfsdfsdfs,sdfsdfs,Diário,111
2024-09-10,PRAZO FINAL É HOJE!,sfsdfsdfsd,sdfsfsdfsdfs,sdfsdfs,Diário,112
2024-09-11,PRAZO FINAL É HOJE!,sfsdfsdfsd,sdfsfsdfsdfs,sdfsdfs,Diário,113
2024-09-12,PRAZO FINAL É HOJE!,sfsdfsdfsd,sdfsfsdfsdfs,sdfsdfs,Diário,114
2024-09-13,PRAZO FINAL É HOJE!,sfsdfsdfsd,sdfsfsdfsdfs,sdfsdfs,Diário,115
2024-09-14,PRAZO FINAL É HOJE!,sfsdfsdfsd,sdfsfsdfsdfs,sdfsdfs,Diário,116
2024-09-15,PRAZO FINAL É HOJE!,sfsdfsdfsd,sdfsfsdfsdfs,sdfsdfs,Diário,117
2024-09-16,PRAZO FINAL É HOJE!,sfsdfsdfsd,sdfsfsdfsdfs,sdfsdfs,Diário,118
2024-09-17,PRAZO FINAL É HOJE!,sfsdfsdfsd,sdfsfsdfsdfs,sdfsdfs,Diário,119
2024-09-18,PRAZO FINAL É HOJE!,sfsdfsdfsd,sdfsfsdfsdfs,sdfsdfs,Diário,120
2024-09-19,PRAZO FINAL É HOJE!,sfsdfsdfsd,sdfsfsdfsdfs,sdfsdfs,Diário,121
2024-09-20,PRAZO FINAL É HOJE!,sfsdfsdfsd,sdfsfsdfsdfs,sdfsdfs,Diário,122
2024-09-21,PRAZO FINAL É HOJE!,sfsdfsdfsd,sdfsfsdfsdfs,sdfsdfs,Diário,123
2024-09-22,PRAZO FINAL É HOJE!,sfsdfsdfsd,sdfsfsdfsdfs,sdfsdfs,Diário,124
2024-09-23,PRAZO FINAL É HOJE!,sfsdfsdfsd,sdfsfsdfsdfs,sdfsdfs,Diário,125
2024-09-24,PRAZO FINAL É HOJE!,sfsdfsdfsd,sdfsfsdfsdfs,sdfsdfs,Diário,126
2024-09-25,PRAZO FINAL É HOJE!,sfsdfsdfsd,sdfsfsdfsdfs,sdfsdfs,Diário,127
2024-09-26,PRAZO FINAL É HOJE!,sfsdfsdfsd,sdfsfsdfsdfs,sdfsdfs,Diário,128
2024-09-27,PRAZO FINAL É HOJE!,sfsdfsdfsd,sdfsfsdfsdfs,sdfsdfs,Diário,129
2024-09-28,PRAZO FINAL É HOJE!,sfsdfsdfsd,sdfsfsdfsdfs,sdfsdfs,Diário,130
2024-09-29,PRAZO FINAL É HOJE!,sfsdfsdfsd,sdfsfsdfsdfs,sdfsdfs,Diário,131
2024-09-30,PRAZO FINAL É HOJE!,sfsdfsdfsd,sdfsfsdfsdfs,sdfsdfs,Diário,132
2024-10-01,PRAZO FINAL É HOJE!,sfsdfsdfsd,sdfsfsdfsdfs,sdfsdfs,Diário,133
2024-10-02,PRAZO FINAL É HOJE!,sfsdfsdfsd,sdfsfsdfsdfs,sdfsdfs,Diário,134
2024-10-03,PRAZO FINAL É HOJE!,sfsdfsdfsd,sdfsfsdfsdfs,sdfsdfs,Diário,135
2024-10-04,PRAZO FINAL É HOJE!,sfsdfsdfsd,sdfsfsdfsdfs,sdfsdfs,Diário,136
2024-10-05,PRAZO FINAL É HOJE!,sfsdfsdfsd,sdfsfsdfsdfs,sdfsdfs,Diário,137
2024-10-06,PRAZO FINAL É HOJE!,sfsdfsdfsd,sdfsfsdfsdfs,sdfsdfs,Diário,138
2024-10-07,PRAZO FINAL É HOJE!,sfsdfsdfsd,sdfsfsdfsdfs,sdfsdfs,Diário,139
2024-10-08,PRAZO FINAL É HOJE!,sfsdfsdfsd,sdfsfsdfsdfs,sdfsdfs,Diário,140
2024-10-09,PRAZO FINAL É HOJE!,sfsdfsdfsd,sdfsfsdfsdfs,sdfsdfs,Diário,141
2024-10-10,PRAZO FINAL É HOJE!,sfsdfsdfsd,sdfsfsdfsdfs,sdfsdfs,Diário,142
2024-10-11,PRAZO FINAL É HOJE!,sfsdfsdfsd,sdfsfsdfsdfs,sdfsdfs,Diário,143
2024-10-12,PRAZO FINAL É HOJE!,sfsdfsdfsd,sdfsfsdfsdfs,sdfsdfs,Diário,144
2024-10-13,PRAZO FINAL É HOJE!,sfsdfsdfsd,sdfsfsdfsdfs,sdfsdfs,Diário,145
2024-10-14,PRAZO FINAL É HOJE!,sfsdfsdfsd,sdfsfsdfsdfs,sdfsdfs,Diário,146
2024-10-15,PRAZO FINAL É HOJE!,sfsdfsdfsd,sdfsfsdfsdfs,sdfsdfs,Diário,147
2024-10-16,PRAZO FINAL É HOJE!,sfsdfsdfsd,sdfsfsdfsdfs,sdfsdfs,Diário,148
2024-10-17,PRAZO FINAL É HOJE!,sfsdfsdfsd,sdfsfsdfsdfs,sdfsdfs,Diário,149
2024-10-18,PRAZO FINAL É HOJE!,sfsdfsdfsd,sdfsfsdfsdfs,sdfsdfs,Diário,150
2024-10-19,PRAZO FINAL É HOJE!,sfsdfsdfsd,sdfsfsdfsdfs,sdfsdfs,Diário,151
2024-10-20,PRAZO FINAL É HOJE!,sfsdfsdfsd,sdfsfsdfsdfs,sdfsdfs,Diário,152
2024-10-21,PRAZO FINAL É HOJE!,sfsdfsdfsd,sdfsfsdfsdfs,sdfsdfs,Diário,153
2024-10-22,PRAZO FINAL É HOJE!,sfsdfsdfsd,sdfsfsdfsdfs,sdfsdfs,Diário,154
2024-10-23,PRAZO FINAL É HOJE!,sfsdfsdfsd,sdfsfsdfsdfs,sdfsdfs,Diário,155
2024-10-24,PRAZO FINAL É HOJE!,sfsdfsdfsd,sdfsfsdfsdfs,sdfsdfs,Diário,156
2024-10-25,PRAZO FINAL É HOJE!,sfsdfsdfsd,sdfsfsdfsdfs,sdfsdfs,Diário,157
2024-10-26,PRAZO FINAL É HOJE!,sfsdfsdfsd,sdfsfsdfsdfs,sdfsdfs,Diário,158
2024-10-27,PRAZO FINAL É HOJE!,sfsdfsdfsd,sdfsfsdfsdfs,sdfsdfs,Diário,159
2024-10-28,PRAZO FINAL É HOJE!,sfsdfsdfsd,sdfsfsdfsdfs,sdfsdfs,Diário,160
2024-10-29,PRAZO FINAL É HOJE!,sfsdfsdfsd,sdfsfsdfsdfs,sdfsdfs,Diário,161
2024-10-30,PRAZO FINAL É HOJE!,sfsdfsdfsd,sdfsfsdfsdfs,sdfsdfs,Diário,162
2024-10-31,PRAZO FINAL É HOJE!,sfsdfsdfsd,sdfsfsdfsdfs,sdfsdfs,Diário,163
2024-11-01,PRAZO FINAL É HOJE!,sfsdfsdfsd,sdfsfsdfsdfs,sdfsdfs,Diário,164
2024-11-02,PRAZO FINAL É HOJE!,sfsdfsdfsd,sdfsfsdfsdfs,sdfsdfs,Diário,165
2024-11-03,PRAZO FINAL É HOJE!,sfsdfsdfsd,sdfsfsdfsdfs,sdfsdfs,Diário,166
2024-11-04,PRAZO FINAL É HOJE!,sfsdfsdfsd,sdfsfsdfsdfs,sdfsdfs,Diário,167
2024-11-05,PRAZO FINAL É HOJE!,sfsdfsdfsd,sdfsfsdfsdfs,sdfsdfs,Diário,168
2024-11-06,PRAZO FINAL É HOJE!,sfsdfsdfsd,sdfsfsdfsdfs,sdfsdfs,Diário,169
2024-11-07,PRAZO FINAL É HOJE!,sfsdfsdfsd,sdfsfsdfsdfs,sdfsdfs,Diário,170
2024-11-08,PRAZO FINAL É HOJE!,sfsdfsdfsd,sdfsfsdfsdfs,sdfsdfs,Diário,171
2024-11-09,PRAZO FINAL É HOJE!,sfsdfsdfsd,sdfsfsdfsdfs,sdfsdfs,Diário,172
2024-11-10,PRAZO FINAL É HOJE!,sfsdfsdfsd,sdfsfsdfsdfs,sdfsdfs,Diário,173
2024-11-11,PRAZO FINAL É HOJE!,sfsdfsdfsd,sdfsfsdfsdfs,sdfsdfs,Diário,174
2024-11-12,PRAZO FINAL É HOJE!,sfsdfsdfsd,sdfsfsdfsdfs,sdfsdfs,Diário,175
2024-11-13,PRAZO FINAL É HOJE!,sfsdfsdfsd,sdfsfsdfsdfs,sdfsdfs,Diário,176
2024-11-14,PRAZO FINAL É HOJE!,sfsdfsdfsd,sdfsfsdfsdfs,sdfsdfs,Diário,177
2024-11-15,PRAZO FINAL É HOJE!,sfsdfsdfsd,sdfsfsdfsdfs,sdfsdfs,Diário,178
2024-11-16,PRAZO FINAL É HOJE!,sfsdfsdfsd,sdfsfsdfsdfs,sdfsdfs,Diário,179
2024-11-17,PRAZO FINAL É HOJE!,sfsdfsdfsd,sdfsfsdfsdfs,sdfsdfs,Diário,180
2024-11-18,PRAZO FINAL É HOJE!,sfsdfsdfsd,sdfsfsdfsdfs,sdfsdfs,Diário,181
2024-11-19,PRAZO FINAL É HOJE!,sfsdfsdfsd,sdfsfsdfsdfs,sdfsdfs,Diário,182
2024-11-20,PRAZO FINAL É HOJE!,sfsdfsdfsd,sdfsfsdfsdfs,sdfsdfs,Diário,183
2024-11-21,PRAZO FINAL É HOJE!,sfsdfsdfsd,sdfsfsdfsdfs,sdfsdfs,Diário,184
2024-11-22,PRAZO FINAL É HOJE!,sfsdfsdfsd,sdfsfsdfsdfs,sdfsdfs,Diário,185
2024-11-23,PRAZO FINAL É HOJE!,sfsdfsdfsd,sdfsfsdfsdfs,sdfsdfs,Diário,186
2024-11-24,PRAZO FINAL É HOJE!,sfsdfsdfsd,sdfsfsdfsdfs,sdfsdfs,Diário,187
2024-11-25,PRAZO FINAL É HOJE!,sfsdfsdfsd,sdfsfsdfsdfs,sdfsdfs,Diário,188
2024-11-26,PRAZO FINAL É HOJE!,sfsdfsdfsd,sdfsfsdfsdfs,sdfsdfs,Diário,189
2024-11-27,PRAZO FINAL É HOJE!,sfsdfsdfsd,sdfsfsdfsdfs,sdfsdfs,Diário,190
2024-11-28,PRAZO FINAL É HOJE!,sfsdfsdfsd,sdfsfsdfsdfs,sdfsdfs,Diário,191
2024-11-29,PRAZO FINAL É HOJE!,sfsdfsdfsd,sdfsfsdfsdfs,sdfsdfs,Diário,192
2024-11-30,PRAZO FINAL É HOJE!,sfsdfsdfsd,sdfsfsdfsdfs,sdfsdfs,Diário,193
2024-12-01,PRAZO FINAL É HOJE!,sfsdfsdfsd,sdfsfsdfsdfs,sdfsdfs,Diário,194
2024-12-02,PRAZO FINAL É HOJE!,sfsdfsdfsd,sdfsfsdfsdfs,sdfsdfs,Diário,195
2024-12-03,PRAZO FINAL É HOJE!,sfsdfsdfsd,sdfsfsdfsdfs,sdfsdfs,Diário,196
2024-12-04,PRAZO FINAL É HOJE!,sfsdfsdfsd,sdfsfsdfsdfs,sdfsdfs,Diário,197
2024-12-05,PRAZO FINAL É HOJE!,sfsdfsdfsd,sdfsfsdfsdfs,sdfsdfs,Diário,198
2024-12-06,PRAZO FINAL É HOJE!,sfsdfsdfsd,sdfsfsdfsdfs,sdfsdfs,Diário,199
2024-12-07,PRAZO FINAL É HOJE!,sfsdfsdfsd,sdfsfsdfsdfs,sdfsdfs,Diário,200
2024-12-08,PRAZO FINAL É HOJE!,sfsdfsdfsd,sdfsfsdfsdfs,sdfsdfs,Diário,201
2024-12-09,PRAZO FINAL É HOJE!,sfsdfsdfsd,sdfsfsdfsdfs,sdfsdfs,Diário,202
2024-12-10,PRAZO FINAL É HOJE!,sfsdfsdfsd,sdfsfsdfsdfs,sdfsdfs,Diário,203
2024-12-11,PRAZO FINAL É HOJE!,sfsdfsdfsd,sdfsfsdfsdfs,sdfsdfs,Diário,204
2024-12-12,PRAZO FINAL É HOJE!,sfsdfsdfsd,sdfsfsdfsdfs,sdfsdfs,Diário,205
2024-12-13,PRAZO FINAL É HOJE!,sfsdfsdfsd,sdfsfsdfsdfs,sdfsdfs,Diário,206
2024-12-14,PRAZO FINAL É HOJE!,sfsdfsdfsd,sdfsfsdfsdfs,sdfsdfs,Diário,207
2024-12-15,PRAZO FINAL É HOJE!,sfsdfsdfsd,sdfsfsdfsdfs,sdfsdfs,Diário,208
2024-12-16,PRAZO FINAL É HOJE!,sfsdfsdfsd,sdfsfsdfsdfs,sdfsdfs,Diário,209
2024-12-17,PRAZO FINAL É HOJE!,sfsdfsdfsd,sdfsfsdfsdfs,sdfsdfs,Diário,210
2024-12-18,PRAZO FINAL É HOJE!,sfsdfsdfsd,sdfsfsdfsdfs,sdfsdfs,Diário,211
2024-12-19,PRAZO FINAL É HOJE!,sfsdfsdfsd,sdfsfsdfsdfs,sdfsdfs,Diário,212
2024-12-20,PRAZO FINAL É HOJE!,sfsdfsdfsd,sdfsfsdfsdfs,sdfsdfs,Diário,213
2024-12-21,PRAZO FINAL É HOJE!,sfsdfsdfsd,sdfsfsdfsdfs,sdfsdfs,Diário,214
2024-12-22,PRAZO FINAL É HOJE!,sfsdfsdfsd,sdfsfsdfsdfs,sdfsdfs,Diário,215
2024-12-23,PRAZO FINAL É HOJE!,sfsdfsdfsd,sdfsfsdfsdfs,sdfsdfs,Diário,216
2024-12-24,PRAZO FINAL É HOJE!,sfsdfsdfsd,sdfsfsdfsdfs,sdfsdfs,Diário,217
2024-12-25,PRAZO FINAL É HOJE!,sfsdfsdfsd,sdfsfsdfsdfs,sdfsdfs,Diário,218
2024-12-26,PRAZO FINAL É HOJE!,sfsdfsdfsd,sdfsfsdfsdfs,sdfsdfs,Diário,219
2024-12-27,PRAZO FINAL É HOJE!,sfsdfsdfsd,sdfsfsdfsdfs,sdfsdfs,Diário,220
2024-12-28,PRAZO FINAL É HOJE!,sfsdfsdfsd,sdfsfsdfsdfs,sdfsdfs,Diário,221
2024-12-29,PRAZO FINAL É HOJE!,sfsdfsdfsd,sdfsfsdfsdfs,sdfsdfs,Diário,222
2024-12-30,PRAZO FINAL É HOJE!,sfsdfsdfsd,sdfsfsdfsdfs,sdfsdfs,Diário,223
2024-12-31,PRAZO FINAL É HOJE!,sfsdfsdfsd,sdfsfsdfsdfs,sdfsdfs,Diário,224
2025-01-01,PRAZO FINAL É HOJE!,sfsdfsdfsd,sdfsfsdfsdfs,sdfsdfs,Diário,225
2025-01-02,PRAZO FINAL É HOJE!,sfsdfsdfsd,sdfsfsdfsdfs,sdfsdfs,Diário,226
2025-01-03,PRAZO FINAL É HOJE!,sfsdfsdfsd,sdfsfsdfsdfs,sdfsdfs,Diário,227
2025-01-04,PRAZO FINAL É HOJE!,sfsdfsdfsd,sdfsfsdfsdfs,sdfsdfs,Diário,228
2025-01-05,PRAZO FINAL É HOJE!,sfsdfsdfsd,sdfsfsdfsdfs,sdfsdfs,Diário,229
2025-01-06,PRAZO FINAL É HOJE!,sfsdfsdfsd,sdfsfsdfsdfs,sdfsdfs,Diário,230
2025-01-07,PRAZO FINAL É HOJE!,sfsdfsdfsd,sdfsfsdfsdfs,sdfsdfs,Diário,231
2025-01-08,PRAZO FINAL É HOJE!,sfsdfsdfsd,sdfsfsdfsdfs,sdfsdfs,Diário,232
2025-01-09,PRAZO FINAL É HOJE!,sfsdfsdfsd,sdfsfsdfsdfs,sdfsdfs,Diário,233
2025-01-10,PRAZO FINAL É HOJE!,sfsdfsdfsd,sdfsfsdfsdfs,sdfsdfs,Diário,234
2025-01-11,PRAZO FINAL É HOJE!,sfsdfsdfsd,sdfsfsdfsdfs,sdfsdfs,Diário,235
2025-01-12,PRAZO FINAL É HOJE!,sfsdfsdfsd,sdfsfsdfsdfs,sdfsdfs,Diário,236
2025-01-13,PRAZO FINAL É HOJE!,sfsdfsdfsd,sdfsfsdfsdfs,sdfsdfs,Diário,237
2025-01-14,PRAZO FINAL É HOJE!,sfsdfsdfsd,sdfsfsdfsdfs,sdfsdfs,Diário,238
2025-01-15,PRAZO FINAL É HOJE!,sfsdfsdfsd,sdfsfsdfsdfs,sdfsdfs,Diário,239
2025-01-16,PRAZO FINAL É HOJE!,sfsdfsdfsd,sdfsfsdfsdfs,sdfsdfs,Diário,240
2025-01-17,PRAZO FINAL É HOJE!,sfsdfsdfsd,sdfsfsdfsdfs,sdfsdfs,Diário,241
2025-01-18,PRAZO FINAL É HOJE!,sfsdfsdfsd,sdfsfsdfsdfs,sdfsdfs,Diário,242
2025-01-19,PRAZO FINAL É HOJE!,sfsdfsdfsd,sdfsfsdfsdfs,sdfsdfs,Diário,243
2025-01-20,PRAZO FINAL É HOJE!,sfsdfsdfsd,sdfsfsdfsdfs,sdfsdfs,Diário,244
2025-01-21,PRAZO FINAL É HOJE!,sfsdfsdfsd,sdfsfsdfsdfs,sdfsdfs,Diário,245
2025-01-22,PRAZO FINAL É HOJE!,sfsdfsdfsd,sdfsfsdfsdfs,sdfsdfs,Diário,246
2025-01-23,PRAZO FINAL É HOJE!,sfsdfsdfsd,sdfsfsdfsdfs,sdfsdfs,Diário,247
2025-01-24,PRAZO FINAL É HOJE!,sfsdfsdfsd,sdfsfsdfsdfs,sdfsdfs,Diário,248
2025-01-25,PRAZO FINAL É HOJE!,sfsdfsdfsd,sdfsfsdfsdfs,sdfsdfs,Diário,249
2025-01-26,PRAZO FINAL É HOJE!,sfsdfsdfsd,sdfsfsdfsdfs,sdfsdfs,Diário,250
2025-01-27,PRAZO FINAL É HOJE!,sfsdfsdfsd,sdfsfsdfsdfs,sdfsdfs,Diário,251
2025-01-28,PRAZO FINAL É HOJE!,sfsdfsdfsd,sdfsfsdfsdfs,sdfsdfs,Diário,252
2025-01-29,PRAZO FINAL É HOJE!,sfsdfsdfsd,sdfsfsdfsdfs,sdfsdfs,Diário,253
2025-01-30,PRAZO FINAL É HOJE!,sfsdfsdfsd,sdfsfsdfsdfs,sdfsdfs,Diário,254
2025-01-31,PRAZO FINAL É HOJE!,sfsdfsdfsd,sdfsfsdfsdfs,sdfsdfs,Diário,255
2025-02-01,PRAZO FINAL É HOJE!,sfsdfsdfsd,sdfsfsdfsdfs,sdfsdfs,Diário,256
2025-02-02,PRAZO FINAL É HOJE!,sfsdfsdfsd,sdfsfsdfsdfs,sdfsdfs,Diário,257
2025-02-03,PRAZO FINAL É HOJE!,sfsdfsdfsd,sdfsfsdfsdfs,sdfsdfs,Diário,258
2025-02-04,PRAZO FINAL É HOJE!,sfsdfsdfsd,sdfsfsdfsdfs,sdfsdfs,Diário,259
2025-02-05,PRAZO FINAL É HOJE!,sfsdfsdfsd,sdfsfsdfsdfs,sdfsdfs,Diário,260
2025-02-06,PRAZO FINAL É HOJE!,sfsdfsdfsd,sdfsfsdfsdfs,sdfsdfs,Diário,261
2025-02-07,PRAZO FINAL É HOJE!,sfsdfsdfsd,sdfsfsdfsdfs,sdfsdfs,Diário,262
2025-02-08,PRAZO FINAL É HOJE!,sfsdfsdfsd,sdfsfsdfsdfs,sdfsdfs,Diário,263
2025-02-09,PRAZO FINAL É HOJE!,sfsdfsdfsd,sdfsfsdfsdfs,sdfsdfs,Diário,264
2025-02-10,PRAZO FINAL É HOJE!,sfsdfsdfsd,sdfsfsdfsdfs,sdfsdfs,Diário,265
2025-02-11,PRAZO FINAL É HOJE!,sfsdfsdfsd,sdfsfsdfsdfs,sdfsdfs,Diário,266
2025-02-12,PRAZO FINAL É HOJE!,sfsdfsdfsd,sdfsfsdfsdfs,sdfsdfs,Diário,267
2025-02-13,PRAZO FINAL É HOJE!,sfsdfsdfsd,sdfsfsdfsdfs,sdfsdfs,Diário,268
2025-02-14,PRAZO FINAL É HOJE!,sfsdfsdfsd,sdfsfsdfsdfs,sdfsdfs,Diário,269
2025-02-15,PRAZO FINAL É HOJE!,sfsdfsdfsd,sdfsfsdfsdfs,sdfsdfs,Diário,270
2025-02-16,PRAZO FINAL É HOJE!,sfsdfsdfsd,sdfsfsdfsdfs,sdfsdfs,Diário,271
2025-02-17,PRAZO FINAL É HOJE!,sfsdfsdfsd,sdfsfsdfsdfs,sdfsdfs,Diário,272
2025-02-18,PRAZO FINAL É HOJE!,sfsdfsdfsd,sdfsfsdfsdfs,sdfsdfs,Diário,273
2025-02-19,PRAZO FINAL É HOJE!,sfsdfsdfsd,sdfsfsdfsdfs,sdfsdfs,Diário,274
2025-02-20,PRAZO FINAL É HOJE!,sfsdfsdfsd,sdfsfsdfsdfs,sdfsdfs,Diário,275
2025-02-21,PRAZO FINAL É HOJE!,sfsdfsdfsd,sdfsfsdfsdfs,sdfsdfs,Diário,276
2025-02-22,PRAZO FINAL É HOJE!,sfsdfsdfsd,sdfsfsdfsdfs,sdfsdfs,Diário,277
2025-02-23,PRAZO FINAL É HOJE!,sfsdfsdfsd,sdfsfsdfsdfs,sdfsdfs,Diário,278
2025-02-24,PRAZO FINAL É HOJE!,sfsdfsdfsd,sdfsfsdfsdfs,sdfsdfs,Diário,279
2025-02-25,PRAZO FINAL É HOJE!,sfsdfsdfsd,sdfsfsdfsdfs,sdfsdfs,Diário,280
2025-02-26,PRAZO FINAL É HOJE!,sfsdfsdfsd,sdfsfsdfsdfs,sdfsdfs,Diário,281
2025-02-27,PRAZO FINAL É HOJE!,sfsdfsdfsd,sdfsfsdfsdfs,sdfsdfs,Diário,282
2025-02-28,PRAZO FINAL É HOJE!,sfsdfsdfsd,sdfsfsdfsdfs,sdfsdfs,Diário,283
2025-03-01,PRAZO FINAL É HOJE!,sfsdfsdfsd,sdfsfsdfsdfs,sdfsdfs,Diário,284
2025-03-02,PRAZO FINAL É HOJE!,sfsdfsdfsd,sdfsfsdfsdfs,sdfsdfs,Diário,285
2025-03-03,PRAZO FINAL É HOJE!,sfsdfsdfsd,sdfsfsdfsdfs,sdfsdfs,Diário,286
2025-03-04,PRAZO FINAL É HOJE!,sfsdfsdfsd,sdfsfsdfsdfs,sdfsdfs,Diário,287
2025-03-05,PRAZO FINAL É HOJE!,sfsdfsdfsd,sdfsfsdfsdfs,sdfsdfs,Diário,288
2025-03-06,PRAZO FINAL É HOJE!,sfsdfsdfsd,sdfsfsdfsdfs,sdfsdfs,Diário,289
2025-03-07,PRAZO FINAL É HOJE!,sfsdfsdfsd,sdfsfsdfsdfs,sdfsdfs,Diário,290
2025-03-08,PRAZO FINAL É HOJE!,sfsdfsdfsd,sdfsfsdfsdfs,sdfsdfs,Diário,291
2025-03-09,PRAZO FINAL É HOJE!,sfsdfsdfsd,sdfsfsdfsdfs,sdfsdfs,Diário,292
2025-03-10,PRAZO FINAL É HOJE!,sfsdfsdfsd,sdfsfsdfsdfs,sdfsdfs,Diário,293
2025-03-11,PRAZO FINAL É HOJE!,sfsdfsdfsd,sdfsfsdfsdfs,sdfsdfs,Diário,294
2025-03-12,PRAZO FINAL É HOJE!,sfsdfsdfsd,sdfsfsdfsdfs,sdfsdfs,Diário,295
2025-03-13,PRAZO FINAL É HOJE!,sfsdfsdfsd,sdfsfsdfsdfs,sdfsdfs,Diário,296
2025-03-14,PRAZO FINAL É HOJE!,sfsdfsdfsd,sdfsfsdfsdfs,sdfsdfs,Diário,297
2025-03-15,PRAZO FINAL É HOJE!,sfsdfsdfsd,sdfsfsdfsdfs,sdfsdfs,Diário,298
2025-03-16,PRAZO FINAL É HOJE!,sfsdfsdfsd,sdfsfsdfsdfs,sdfsdfs,Diário,299
2025-03-17,PRAZO FINAL É HOJE!,sfsdfsdfsd,sdfsfsdfsdfs,sdfsdfs,Diário,300
2025-03-18,PRAZO FINAL É HOJE!,sfsdfsdfsd,sdfsfsdfsdfs,sdfsdfs,Diário,301
2025-03-19,PRAZO FINAL É HOJE!,sfsdfsdfsd,sdfsfsdfsdfs,sdfsdfs,Diário,302
2025-03-20,PRAZO FINAL É HOJE!,sfsdfsdfsd,sdfsfsdfsdfs,sdfsdfs,Diário,303
2025-03-21,PRAZO FINAL É HOJE!,sfsdfsdfsd,sdfsfsdfsdfs,sdfsdfs,Diário,304
2025-03-22,PRAZO FINAL É HOJE!,sfsdfsdfsd,sdfsfsdfsdfs,sdfsdfs,Diário,305
2025-03-23,PRAZO FINAL É HOJE!,sfsdfsdfsd,sdfsfsdfsdfs,sdfsdfs,Diário,306
2025-03-24,PRAZO FINAL É HOJE!,sfsdfsdfsd,sdfsfsdfsdfs,sdfsdfs,Diário,307
2025-03-25,PRAZO FINAL É HOJE!,sfsdfsdfsd,sdfsfsdfsdfs,sdfsdfs,Diário,308
2025-03-26,PRAZO FINAL É HOJE!,sfsdfsdfsd,sdfsfsdfsdfs,sdfsdfs,Diário,309
2025-03-27,PRAZO FINAL É HOJE!,sfsdfsdfsd,sdfsfsdfsdfs,sdfsdfs,Diário,310
2025-03-28,PRAZO FINAL É HOJE!,sfsdfsdfsd,sdfsfsdfsdfs,sdfsdfs,Diário,311
2025-03-29,PRAZO FINAL É HOJE!,sfsdfsdfsd,sdfsfsdfsdfs,sdfsdfs,Diário,312
2025-03-30,PRAZO FINAL É HOJE!,sfsdfsdfsd,sdfsfsdfsdfs,sdfsdfs,Diário,313
2025-03-31,PRAZO FINAL É HOJE!,sfsdfsdfsd,sdfsfsdfsdfs,sdfsdfs,Diário,314
2025-04-01,PRAZO FINAL É HOJE!,sfsdfsdfsd,sdfsfsdfsdfs,sdfsdfs,Diário,315
2025-04-02,PRAZO FINAL É HOJE!,sfsdfsdfsd,sdfsfsdfsdfs,sdfsdfs,Diário,316
2025-04-03,PRAZO FINAL É HOJE!,sfsdfsdfsd,sdfsfsdfsdfs,sdfsdfs,Diário,317
2025-04-04,PRAZO FINAL É HOJE!,sfsdfsdfsd,sdfsfsdfsdfs,sdfsdfs,Diário,318
2025-04-05,PRAZO FINAL É HOJE!,sfsdfsdfsd,sdfsfsdfsdfs,sdfsdfs,Diário,319
2025-04-06,PRAZO FINAL É HOJE!,sfsdfsdfsd,sdfsfsdfsdfs,sdfsdfs,Diário,320
2025-04-07,PRAZO FINAL É HOJE!,sfsdfsdfsd,sdfsfsdfsdfs,sdfsdfs,Diário,321
2025-04-08,PRAZO FINAL É HOJE!,sfsdfsdfsd,sdfsfsdfsdfs,sdfsdfs,Diário,322
2025-04-09,PRAZO FINAL É HOJE!,sfsdfsdfsd,sdfsfsdfsdfs,sdfsdfs,Diário,323
2025-04-10,PRAZO FINAL É HOJE!,sfsdfsdfsd,sdfsfsdfsdfs,sdfsdfs,Diário,324
2025-04-11,PRAZO FINAL É HOJE!,sfsdfsdfsd,sdfsfsdfsdfs,sdfsdfs,Diário,325
2025-04-12,PRAZO FINAL É HOJE!,sfsdfsdfsd,sdfsfsdfsdfs,sdfsdfs,Diário,326
2025-04-13,PRAZO FINAL É HOJE!,sfsdfsdfsd,sdfsfsdfsdfs,sdfsdfs,Diário,327
2025-04-14,PRAZO FINAL É HOJE!,sfsdfsdfsd,sdfsfsdfsdfs,sdfsdfs,Diário,328
2025-04-15,PRAZO FINAL É HOJE!,sfsdfsdfsd,sdfsfsdfsdfs,sdfsdfs,Diário,329
2025-04-16,PRAZO FINAL É HOJE!,sfsdfsdfsd,sdfsfsdfsdfs,sdfsdfs,Diário,330
2025-04-17,PRAZO FINAL É HOJE!,sfsdfsdfsd,sdfsfsdfsdfs,sdfsdfs,Diário,331
2025-04-18,PRAZO FINAL É HOJE!,sfsdfsdfsd,sdfsfsdfsdfs,sdfsdfs,Diário,332
2025-04-19,PRAZO FINAL É HOJE!,sfsdfsdfsd,sdfsfsdfsdfs,sdfsdfs,Diário,333
2025-04-20,PRAZO FINAL É HOJE!,sfsdfsdfsd,sdfsfsdfsdfs,sdfsdfs,Diário,334
2025-04-21,PRAZO FINAL É HOJE!,sfsdfsdfsd,sdfsfsdfsdfs,sdfsdfs,Diário,335
2025-04-22,PRAZO FINAL É HOJE!,sfsdfsdfsd,sdfsfsdfsdfs,sdfsdfs,Diário,336
2025-04-23,PRAZO FINAL É HOJE!,sfsdfsdfsd,sdfsfsdfsdfs,sdfsdfs,Diário,337
2025-04-24,PRAZO FINAL É HOJE!,sfsdfsdfsd,sdfsfsdfsdfs,sdfsdfs,Diário,338
2025-04-25,PRAZO FINAL É HOJE!,sfsdfsdfsd,sdfsfsdfsdfs,sdfsdfs,Diário,339
2025-04-26,PRAZO FINAL É HOJE!,sfsdfsdfsd,sdfsfsdfsdfs,sdfsdfs,Diário,340
2025-04-27,PRAZO FINAL É HOJE!,sfsdfsdfsd,sdfsfsdfsdfs,sdfsdfs,Diário,341
2025-04-28,PRAZO FINAL É HOJE!,sfsdfsdfsd,sdfsfsdfsdfs,sdfsdfs,Diário,342
2025-04-29,PRAZO FINAL É HOJE!,sfsdfsdfsd,sdfsfsdfsdfs,sdfsdfs,Diário,343
2025-04-30,PRAZO FINAL É HOJE!,sfsdfsdfsd,sdfsfsdfsdfs,sdfsdfs,Diário,344
2025-05-01,PRAZO FINAL É HOJE!,sfsdfsdfsd,sdfsfsdfsdfs,sdfsdfs,Diário,345
2025-05-02,PRAZO FINAL É HOJE!,sfsdfsdfsd,sdfsfsdfsdfs,sdfsdfs,Diário,346
2025-05-03,PRAZO FINAL É HOJE!,sfsdfsdfsd,sdfsfsdfsdfs,sdfsdfs,Diário,347
2025-05-04,PRAZO FINAL É HOJE!,sfsdfsdfsd,sdfsfsdfsdfs,sdfsdfs,Diário,348
2025-05-05,PRAZO FINAL É HOJE!,sfsdfsdfsd,sdfsfsdfsdfs,sdfsdfs,Diário,349
2025-05-06,PRAZO FINAL É HOJE!,sfsdfsdfsd,sdfsfsdfsdfs,sdfsdfs,Diário,350
2025-05-07,PRAZO FINAL É HOJE!,sfsdfsdfsd,sdfsfsdfsdfs,sdfsdfs,Diário,351
2025-05-08,PRAZO FINAL É HOJE!,sfsdfsdfsd,sdfsfsdfsdfs,sdfsdfs,Diário,352
2025-05-09,PRAZO FINAL É HOJE!,sfsdfsdfsd,sdfsfsdfsdfs,sdfsdfs,Diário,353
2025-05-10,PRAZO FINAL É HOJE!,sfsdfsdfsd,sdfsfsdfsdfs,sdfsdfs,Diário,354
2025-05-11,PRAZO FINAL É HOJE!,sfsdfsdfsd,sdfsfsdfsdfs,sdfsdfs,Diário,355
2025-05-12,PRAZO FINAL É HOJE!,sfsdfsdfsd,sdfsfsdfsdfs,sdfsdfs,Diário,356
2025-05-13,PRAZO FINAL É HOJE!,sfsdfsdfsd,sdfsfsdfsdfs,sdfsdfs,Diário,357
2025-05-14,PRAZO FINAL É HOJE!,sfsdfsdfsd,sdfsfsdfsdfs,sdfsdfs,Diário,358
2025-05-15,PRAZO FINAL É HOJE!,sfsdfsdfsd,sdfsfsdfsdfs,sdfsdfs,Diário,359
2025-05-16,PRAZO FINAL É HOJE!,sfsdfsdfsd,sdfsfsdfsdfs,sdfsdfs,Diário,360
2025-05-17,PRAZO FINAL É HOJE!,sfsdfsdfsd,sdfsfsdfsdfs,sdfsdfs,Diário,361
2025-05-18,PRAZO FINAL É HOJE!,sfsdfsdfsd,sdfsfsdfsdfs,sdfsdfs,Diário,362
2025-05-19,PRAZO FINAL É HOJE!,sfsdfsdfsd,sdfsfsdfsdfs,sdfsdfs,Diário,363
2025-05-20,PRAZO FINAL É HOJE!,sfsdfsdfsd,sdfsfsdfsdfs,sdfsdfs,Diário,364
2024-05-21,FINALIZE A EDICAO DESTE VIDEO!,sfsdfsdfsd,sdfsfsdfsdfs,sdfsdfs,Diário,0
2024-05-22,FINALIZE A EDICAO DESTE VIDEO!,sfsdfsdfsd,sdfsfsdfsdfs,sdfsdfs,Diário,1
2024-05-23,FINALIZE A EDICAO DESTE VIDEO!,sfsdfsdfsd,sdfsfsdfsdfs,sdfsdfs,Diário,2
2024-05-24,FINALIZE A EDICAO DESTE VIDEO!,sfsdfsdfsd,sdfsfsdfsdfs,sdfsdfs,Diário,3
2024-05-25,FINALIZE A EDICAO DESTE VIDEO!,sfsdfsdfsd,sdfsfsdfsdfs,sdfsdfs,Diário,4
2024-05-26,FINALIZE A EDICAO DESTE VIDEO!,sfsdfsdfsd,sdfsfsdfsdfs,sdfsdfs,Diário,5
2024-05-27,FINALIZE A EDICAO DESTE VIDEO!,sfsdfsdfsd,sdfsfsdfsdfs,sdfsdfs,Diário,6
2024-05-28,FINALIZE A EDICAO DESTE VIDEO!,sfsdfsdfsd,sdfsfsdfsdfs,sdfsdfs,Diário,7
2024-05-29,FINALIZE A EDICAO DESTE VIDEO!,sfsdfsdfsd,sdfsfsdfsdfs,sdfsdfs,Diário,8
2024-05-30,FINALIZE A EDICAO DESTE VIDEO!,sfsdfsdfsd,sdfsfsdfsdfs,sdfsdfs,Diário,9
2024-05-31,FINALIZE A EDICAO DESTE VIDEO!,sfsdfsdfsd,sdfsfsdfsdfs,sdfsdfs,Diário,10
2024-06-01,FINALIZE A EDICAO DESTE VIDEO!,sfsdfsdfsd,sdfsfsdfsdfs,sdfsdfs,Diário,11
2024-06-02,FINALIZE A EDICAO DESTE VIDEO!,sfsdfsdfsd,sdfsfsdfsdfs,sdfsdfs,Diário,12
2024-06-03,FINALIZE A EDICAO DESTE VIDEO!,sfsdfsdfsd,sdfsfsdfsdfs,sdfsdfs,Diário,13
2024-06-04,FINALIZE A EDICAO DESTE VIDEO!,sfsdfsdfsd,sdfsfsdfsdfs,sdfsdfs,Diário,14
2024-06-05,FINALIZE A EDICAO DESTE VIDEO!,sfsdfsdfsd,sdfsfsdfsdfs,sdfsdfs,Diário,15
2024-06-06,FINALIZE A EDICAO DESTE VIDEO!,sfsdfsdfsd,sdfsfsdfsdfs,sdfsdfs,Diário,16
2024-06-07,FINALIZE A EDICAO DESTE VIDEO!,sfsdfsdfsd,sdfsfsdfsdfs,sdfsdfs,Diário,17
2024-06-08,FINALIZE A EDICAO DESTE VIDEO!,sfsdfsdfsd,sdfsfsdfsdfs,sdfsdfs,Diário,18
2024-06-09,FINALIZE A EDICAO DESTE VIDEO!,sfsdfsdfsd,sdfsfsdfsdfs,sdfsdfs,Diário,19
2024-06-10,FINALIZE A EDICAO DESTE VIDEO!,sfsdfsdfsd,sdfsfsdfsdfs,sdfsdfs,Diário,20
2024-06-11,FINALIZE A EDICAO DESTE VIDEO!,sfsdfsdfsd,sdfsfsdfsdfs,sdfsdfs,Diário,21
2024-06-12,FINALIZE A EDICAO DESTE VIDEO!,sfsdfsdfsd,sdfsfsdfsdfs,sdfsdfs,Diário,22
2024-06-13,FINALIZE A EDICAO DESTE VIDEO!,sfsdfsdfsd,sdfsfsdfsdfs,sdfsdfs,Diário,23
2024-06-14,FINALIZE A EDICAO DESTE VIDEO!,sfsdfsdfsd,sdfsfsdfsdfs,sdfsdfs,Diário,24
2024-06-15,FINALIZE A EDICAO DESTE VIDEO!,sfsdfsdfsd,sdfsfsdfsdfs,sdfsdfs,Diário,25
2024-06-16,FINALIZE A EDICAO DESTE VIDEO!,sfsdfsdfsd,sdfsfsdfsdfs,sdfsdfs,Diário,26
2024-06-17,FINALIZE A EDICAO DESTE VIDEO!,sfsdfsdfsd,sdfsfsdfsdfs,sdfsdfs,Diário,27
2024-06-18,FINALIZE A EDICAO DESTE VIDEO!,sfsdfsdfsd,sdfsfsdfsdfs,sdfsdfs,Diário,28
2024-06-19,FINALIZE A EDICAO DESTE VIDEO!,sfsdfsdfsd,sdfsfsdfsdfs,sdfsdfs,Diário,29
2024-06-20,FINALIZE A EDICAO DESTE VIDEO!,sfsdfsdfsd,sdfsfsdfsdfs,sdfsdfs,Diário,30
2024-06-21,FINALIZE A EDICAO DESTE VIDEO!,sfsdfsdfsd,sdfsfsdfsdfs,sdfsdfs,Diário,31
2024-06-22,FINALIZE A EDICAO DESTE VIDEO!,sfsdfsdfsd,sdfsfsdfsdfs,sdfsdfs,Diário,32
2024-06-23,FINALIZE A EDICAO DESTE VIDEO!,sfsdfsdfsd,sdfsfsdfsdfs,sdfsdfs,Diário,33
2024-06-24,FINALIZE A EDICAO DESTE VIDEO!,sfsdfsdfsd,sdfsfsdfsdfs,sdfsdfs,Diário,34
2024-06-25,FINALIZE A EDICAO DESTE VIDEO!,sfsdfsdfsd,sdfsfsdfsdfs,sdfsdfs,Diário,35
2024-06-26,FINALIZE A EDICAO DESTE VIDEO!,sfsdfsdfsd,sdfsfsdfsdfs,sdfsdfs,Diário,36
2024-06-27,FINALIZE A EDICAO DESTE VIDEO!,sfsdfsdfsd,sdfsfsdfsdfs,sdfsdfs,Diário,37
2024-06-28,FINALIZE A EDICAO DESTE VIDEO!,sfsdfsdfsd,sdfsfsdfsdfs,sdfsdfs,Diário,38
2024-06-29,FINALIZE A EDICAO DESTE VIDEO!,sfsdfsdfsd,sdfsfsdfsdfs,sdfsdfs,Diário,39
2024-06-30,FINALIZE A EDICAO DESTE VIDEO!,sfsdfsdfsd,sdfsfsdfsdfs,sdfsdfs,Diário,40
2024-07-01,FINALIZE A EDICAO DESTE VIDEO!,sfsdfsdfsd,sdfsfsdfsdfs,sdfsdfs,Diário,41
2024-07-02,FINALIZE A EDICAO DESTE VIDEO!,sfsdfsdfsd,sdfsfsdfsdfs,sdfsdfs,Diário,42
2024-07-03,FINALIZE A EDICAO DESTE VIDEO!,sfsdfsdfsd,sdfsfsdfsdfs,sdfsdfs,Diário,43
2024-07-04,FINALIZE A EDICAO DESTE VIDEO!,sfsdfsdfsd,sdfsfsdfsdfs,sdfsdfs,Diário,44
2024-07-05,FINALIZE A EDICAO DESTE VIDEO!,sfsdfsdfsd,sdfsfsdfsdfs,sdfsdfs,Diário,45
2024-07-06,FINALIZE A EDICAO DESTE VIDEO!,sfsdfsdfsd,sdfsfsdfsdfs,sdfsdfs,Diário,46
2024-07-07,FINALIZE A EDICAO DESTE VIDEO!,sfsdfsdfsd,sdfsfsdfsdfs,sdfsdfs,Diário,47
2024-07-08,FINALIZE A EDICAO DESTE VIDEO!,sfsdfsdfsd,sdfsfsdfsdfs,sdfsdfs,Diário,48
2024-07-09,FINALIZE A EDICAO DESTE VIDEO!,sfsdfsdfsd,sdfsfsdfsdfs,sdfsdfs,Diário,49
2024-07-10,FINALIZE A EDICAO DESTE VIDEO!,sfsdfsdfsd,sdfsfsdfsdfs,sdfsdfs,Diário,50
2024-07-11,FINALIZE A EDICAO DESTE VIDEO!,sfsdfsdfsd,sdfsfsdfsdfs,sdfsdfs,Diário,51
2024-07-12,FINALIZE A EDICAO DESTE VIDEO!,sfsdfsdfsd,sdfsfsdfsdfs,sdfsdfs,Diário,52
2024-07-13,FINALIZE A EDICAO DESTE VIDEO!,sfsdfsdfsd,sdfsfsdfsdfs,sdfsdfs,Diário,53
2024-07-14,FINALIZE A EDICAO DESTE VIDEO!,sfsdfsdfsd,sdfsfsdfsdfs,sdfsdfs,Diário,54
2024-07-15,FINALIZE A EDICAO DESTE VIDEO!,sfsdfsdfsd,sdfsfsdfsdfs,sdfsdfs,Diário,55
2024-07-16,FINALIZE A EDICAO DESTE VIDEO!,sfsdfsdfsd,sdfsfsdfsdfs,sdfsdfs,Diário,56
2024-07-17,FINALIZE A EDICAO DESTE VIDEO!,sfsdfsdfsd,sdfsfsdfsdfs,sdfsdfs,Diário,57
2024-07-18,FINALIZE A EDICAO DESTE VIDEO!,sfsdfsdfsd,sdfsfsdfsdfs,sdfsdfs,Diário,58
2024-07-19,FINALIZE A EDICAO DESTE VIDEO!,sfsdfsdfsd,sdfsfsdfsdfs,sdfsdfs,Diário,59
2024-07-20,FINALIZE A EDICAO DESTE VIDEO!,sfsdfsdfsd,sdfsfsdfsdfs,sdfsdfs,Diário,60
2024-07-21,FINALIZE A EDICAO DESTE VIDEO!,sfsdfsdfsd,sdfsfsdfsdfs,sdfsdfs,Diário,61
2024-07-22,FINALIZE A EDICAO DESTE VIDEO!,sfsdfsdfsd,sdfsfsdfsdfs,sdfsdfs,Diário,62
2024-07-23,FINALIZE A EDICAO DESTE VIDEO!,sfsdfsdfsd,sdfsfsdfsdfs,sdfsdfs,Diário,63
2024-07-24,FINALIZE A EDICAO DESTE VIDEO!,sfsdfsdfsd,sdfsfsdfsdfs,sdfsdfs,Diário,64
2024-07-25,FINALIZE A EDICAO DESTE VIDEO!,sfsdfsdfsd,sdfsfsdfsdfs,sdfsdfs,Diário,65
2024-07-26,FINALIZE A EDICAO DESTE VIDEO!,sfsdfsdfsd,sdfsfsdfsdfs,sdfsdfs,Diário,66
2024-07-27,FINALIZE A EDICAO DESTE VIDEO!,sfsdfsdfsd,sdfsfsdfsdfs,sdfsdfs,Diário,67
2024-07-28,FINALIZE A EDICAO DESTE VIDEO!,sfsdfsdfsd,sdfsfsdfsdfs,sdfsdfs,Diário,68
2024-07-29,FINALIZE A EDICAO DESTE VIDEO!,sfsdfsdfsd,sdfsfsdfsdfs,sdfsdfs,Diário,69
2024-07-30,FINALIZE A EDICAO DESTE VIDEO!,sfsdfsdfsd,sdfsfsdfsdfs,sdfsdfs,Diário,70
2024-07-31,FINALIZE A EDICAO DESTE VIDEO!,sfsdfsdfsd,sdfsfsdfsdfs,sdfsdfs,Diário,71
2024-08-01,FINALIZE A EDICAO DESTE VIDEO!,sfsdfsdfsd,sdfsfsdfsdfs,sdfsdfs,Diário,72
2024-08-02,FINALIZE A EDICAO DESTE VIDEO!,sfsdfsdfsd,sdfsfsdfsdfs,sdfsdfs,Diário,73
2024-08-03,FINALIZE A EDICAO DESTE VIDEO!,sfsdfsdfsd,sdfsfsdfsdfs,sdfsdfs,Diário,74
2024-08-04,FINALIZE A EDICAO DESTE VIDEO!,sfsdfsdfsd,sdfsfsdfsdfs,sdfsdfs,Diário,75
2024-08-05,FINALIZE A EDICAO DESTE VIDEO!,sfsdfsdfsd,sdfsfsdfsdfs,sdfsdfs,Diário,76
2024-08-06,FINALIZE A EDICAO DESTE VIDEO!,sfsdfsdfsd,sdfsfsdfsdfs,sdfsdfs,Diário,77
2024-08-07,FINALIZE A EDICAO DESTE VIDEO!,sfsdfsdfsd,sdfsfsdfsdfs,sdfsdfs,Diário,78
2024-08-08,FINALIZE A EDICAO DESTE VIDEO!,sfsdfsdfsd,sdfsfsdfsdfs,sdfsdfs,Diário,79
2024-08-09,FINALIZE A EDICAO DESTE VIDEO!,sfsdfsdfsd,sdfsfsdfsdfs,sdfsdfs,Diário,80
2024-08-10,FINALIZE A EDICAO DESTE VIDEO!,sfsdfsdfsd,sdfsfsdfsdfs,sdfsdfs,Diário,81
2024-08-11,FINALIZE A EDICAO DESTE VIDEO!,sfsdfsdfsd,sdfsfsdfsdfs,sdfsdfs,Diário,82
2024-08-12,FINALIZE A EDICAO DESTE VIDEO!,sfsdfsdfsd,sdfsfsdfsdfs,sdfsdfs,Diário,83
2024-08-13,FINALIZE A EDICAO DESTE VIDEO!,sfsdfsdfsd,sdfsfsdfsdfs,sdfsdfs,Diário,84
2024-08-14,FINALIZE A EDICAO DESTE VIDEO!,sfsdfsdfsd,sdfsfsdfsdfs,sdfsdfs,Diário,85
2024-08-15,FINALIZE A EDICAO DESTE VIDEO!,sfsdfsdfsd,sdfsfsdfsdfs,sdfsdfs,Diário,86
2024-08-16,FINALIZE A EDICAO DESTE VIDEO!,sfsdfsdfsd,sdfsfsdfsdfs,sdfsdfs,Diário,87
2024-08-17,FINALIZE A EDICAO DESTE VIDEO!,sfsdfsdfsd,sdfsfsdfsdfs,sdfsdfs,Diário,88
2024-08-18,FINALIZE A EDICAO DESTE VIDEO!,sfsdfsdfsd,sdfsfsdfsdfs,sdfsdfs,Diário,89
2024-08-19,FINALIZE A EDICAO DESTE VIDEO!,sfsdfsdfsd,sdfsfsdfsdfs,sdfsdfs,Diário,90
2024-08-20,FINALIZE A EDICAO DESTE VIDEO!,sfsdfsdfsd,sdfsfsdfsdfs,sdfsdfs,Diário,91
2024-08-21,FINALIZE A EDICAO DESTE VIDEO!,sfsdfsdfsd,sdfsfsdfsdfs,sdfsdfs,Diário,92
2024-08-22,FINALIZE A EDICAO DESTE VIDEO!,sfsdfsdfsd,sdfsfsdfsdfs,sdfsdfs,Diário,93
2024-08-23,FINALIZE A EDICAO DESTE VIDEO!,sfsdfsdfsd,sdfsfsdfsdfs,sdfsdfs,Diário,94
2024-08-24,FINALIZE A EDICAO DESTE VIDEO!,sfsdfsdfsd,sdfsfsdfsdfs,sdfsdfs,Diário,95
2024-08-25,FINALIZE A EDICAO DESTE VIDEO!,sfsdfsdfsd,sdfsfsdfsdfs,sdfsdfs,Diário,96
2024-08-26,FINALIZE A EDICAO DESTE VIDEO!,sfsdfsdfsd,sdfsfsdfsdfs,sdfsdfs,Diário,97
2024-08-27,FINALIZE A EDICAO DESTE VIDEO!,sfsdfsdfsd,sdfsfsdfsdfs,sdfsdfs,Diário,98
2024-08-28,FINALIZE A EDICAO DESTE VIDEO!,sfsdfsdfsd,sdfsfsdfsdfs,sdfsdfs,Diário,99
2024-08-29,FINALIZE A EDICAO DESTE VIDEO!,sfsdfsdfsd,sdfsfsdfsdfs,sdfsdfs,Diário,100
2024-08-30,FINALIZE A EDICAO DESTE VIDEO!,sfsdfsdfsd,sdfsfsdfsdfs,sdfsdfs,Diário,101
2024-08-31,FINALIZE A EDICAO DESTE VIDEO!,sfsdfsdfsd,sdfsfsdfsdfs,sdfsdfs,Diário,102
2024-09-01,FINALIZE A EDICAO DESTE VIDEO!,sfsdfsdfsd,sdfsfsdfsdfs,sdfsdfs,Diário,103
2024-09-02,FINALIZE A EDICAO DESTE VIDEO!,sfsdfsdfsd,sdfsfsdfsdfs,sdfsdfs,Diário,104
2024-09-03,FINALIZE A EDICAO DESTE VIDEO!,sfsdfsdfsd,sdfsfsdfsdfs,sdfsdfs,Diário,105
2024-09-04,FINALIZE A EDICAO DESTE VIDEO!,sfsdfsdfsd,sdfsfsdfsdfs,sdfsdfs,Diário,106
2024-09-05,FINALIZE A EDICAO DESTE VIDEO!,sfsdfsdfsd,sdfsfsdfsdfs,sdfsdfs,Diário,107
2024-09-06,FINALIZE A EDICAO DESTE VIDEO!,sfsdfsdfsd,sdfsfsdfsdfs,sdfsdfs,Diário,108
2024-09-07,FINALIZE A EDICAO DESTE VIDEO!,sfsdfsdfsd,sdfsfsdfsdfs,sdfsdfs,Diário,109
2024-09-08,FINALIZE A EDICAO DESTE VIDEO!,sfsdfsdfsd,sdfsfsdfsdfs,sdfsdfs,Diário,110
2024-09-09,FINALIZE A EDICAO DESTE VIDEO!,sfsdfsdfsd,sdfsfsdfsdfs,sdfsdfs,Diário,111
2024-09-10,FINALIZE A EDICAO DESTE VIDEO!,sfsdfsdfsd,sdfsfsdfsdfs,sdfsdfs,Diário,112
2024-09-11,FINALIZE A EDICAO DESTE VIDEO!,sfsdfsdfsd,sdfsfsdfsdfs,sdfsdfs,Diário,113
2024-09-12,FINALIZE A EDICAO DESTE VIDEO!,sfsdfsdfsd,sdfsfsdfsdfs,sdfsdfs,Diário,114
2024-09-13,FINALIZE A EDICAO DESTE VIDEO!,sfsdfsdfsd,sdfsfsdfsdfs,sdfsdfs,Diário,115
2024-09-14,FINALIZE A EDICAO DESTE VIDEO!,sfsdfsdfsd,sdfsfsdfsdfs,sdfsdfs,Diário,116
2024-09-15,FINALIZE A EDICAO DESTE VIDEO!,sfsdfsdfsd,sdfsfsdfsdfs,sdfsdfs,Diário,117
2024-09-16,FINALIZE A EDICAO DESTE VIDEO!,sfsdfsdfsd,sdfsfsdfsdfs,sdfsdfs,Diário,118
2024-09-17,FINALIZE A EDICAO DESTE VIDEO!,sfsdfsdfsd,sdfsfsdfsdfs,sdfsdfs,Diário,119
2024-09-18,FINALIZE A EDICAO DESTE VIDEO!,sfsdfsdfsd,sdfsfsdfsdfs,sdfsdfs,Diário,120
2024-09-19,FINALIZE A EDICAO DESTE VIDEO!,sfsdfsdfsd,sdfsfsdfsdfs,sdfsdfs,Diário,121
2024-09-20,FINALIZE A EDICAO DESTE VIDEO!,sfsdfsdfsd,sdfsfsdfsdfs,sdfsdfs,Diário,122
2024-09-21,FINALIZE A EDICAO DESTE VIDEO!,sfsdfsdfsd,sdfsfsdfsdfs,sdfsdfs,Diário,123
2024-09-22,FINALIZE A EDICAO DESTE VIDEO!,sfsdfsdfsd,sdfsfsdfsdfs,sdfsdfs,Diário,124
2024-09-23,FINALIZE A EDICAO DESTE VIDEO!,sfsdfsdfsd,sdfsfsdfsdfs,sdfsdfs,Diário,125
2024-09-24,FINALIZE A EDICAO DESTE VIDEO!,sfsdfsdfsd,sdfsfsdfsdfs,sdfsdfs,Diário,126
2024-09-25,FINALIZE A EDICAO DESTE VIDEO!,sfsdfsdfsd,sdfsfsdfsdfs,sdfsdfs,Diário,127
2024-09-26,FINALIZE A EDICAO DESTE VIDEO!,sfsdfsdfsd,sdfsfsdfsdfs,sdfsdfs,Diário,128
2024-09-27,FINALIZE A EDICAO DESTE VIDEO!,sfsdfsdfsd,sdfsfsdfsdfs,sdfsdfs,Diário,129
2024-09-28,FINALIZE A EDICAO DESTE VIDEO!,sfsdfsdfsd,sdfsfsdfsdfs,sdfsdfs,Diário,130
2024-09-29,FINALIZE A EDICAO DESTE VIDEO!,sfsdfsdfsd,sdfsfsdfsdfs,sdfsdfs,Diário,131
2024-09-30,FINALIZE A EDICAO DESTE VIDEO!,sfsdfsdfsd,sdfsfsdfsdfs,sdfsdfs,Diário,132
2024-10-01,FINALIZE A EDICAO DESTE VIDEO!,sfsdfsdfsd,sdfsfsdfsdfs,sdfsdfs,Diário,133
2024-10-02,FINALIZE A EDICAO DESTE VIDEO!,sfsdfsdfsd,sdfsfsdfsdfs,sdfsdfs,Diário,134
2024-10-03,FINALIZE A EDICAO DESTE VIDEO!,sfsdfsdfsd,sdfsfsdfsdfs,sdfsdfs,Diário,135
2024-10-04,FINALIZE A EDICAO DESTE VIDEO!,sfsdfsdfsd,sdfsfsdfsdfs,sdfsdfs,Diário,136
2024-10-05,FINALIZE A EDICAO DESTE VIDEO!,sfsdfsdfsd,sdfsfsdfsdfs,sdfsdfs,Diário,137
2024-10-06,FINALIZE A EDICAO DESTE VIDEO!,sfsdfsdfsd,sdfsfsdfsdfs,sdfsdfs,Diário,138
2024-10-07,FINALIZE A EDICAO DESTE VIDEO!,sfsdfsdfsd,sdfsfsdfsdfs,sdfsdfs,Diário,139
2024-10-08,FINALIZE A EDICAO DESTE VIDEO!,sfsdfsdfsd,sdfsfsdfsdfs,sdfsdfs,Diário,140
2024-10-09,FINALIZE A EDICAO DESTE VIDEO!,sfsdfsdfsd,sdfsfsdfsdfs,sdfsdfs,Diário,141
2024-10-10,FINALIZE A EDICAO DESTE VIDEO!,sfsdfsdfsd,sdfsfsdfsdfs,sdfsdfs,Diário,142
2024-10-11,FINALIZE A EDICAO DESTE VIDEO!,sfsdfsdfsd,sdfsfsdfsdfs,sdfsdfs,Diário,143
2024-10-12,FINALIZE A EDICAO DESTE VIDEO!,sfsdfsdfsd,sdfsfsdfsdfs,sdfsdfs,Diário,144
2024-10-13,FINALIZE A EDICAO DESTE VIDEO!,sfsdfsdfsd,sdfsfsdfsdfs,sdfsdfs,Diário,145
2024-10-14,FINALIZE A EDICAO DESTE VIDEO!,sfsdfsdfsd,sdfsfsdfsdfs,sdfsdfs,Diário,146
2024-10-15,FINALIZE A EDICAO DESTE VIDEO!,sfsdfsdfsd,sdfsfsdfsdfs,sdfsdfs,Diário,147
2024-10-16,FINALIZE A EDICAO DESTE VIDEO!,sfsdfsdfsd,sdfsfsdfsdfs,sdfsdfs,Diário,148
2024-10-17,FINALIZE A EDICAO DESTE VIDEO!,sfsdfsdfsd,sdfsfsdfsdfs,sdfsdfs,Diário,149
2024-10-18,FINALIZE A EDICAO DESTE VIDEO!,sfsdfsdfsd,sdfsfsdfsdfs,sdfsdfs,Diário,150
2024-10-19,FINALIZE A EDICAO DESTE VIDEO!,sfsdfsdfsd,sdfsfsdfsdfs,sdfsdfs,Diário,151
2024-10-20,FINALIZE A EDICAO DESTE VIDEO!,sfsdfsdfsd,sdfsfsdfsdfs,sdfsdfs,Diário,152
2024-10-21,FINALIZE A EDICAO DESTE VIDEO!,sfsdfsdfsd,sdfsfsdfsdfs,sdfsdfs,Diário,153
2024-10-22,FINALIZE A EDICAO DESTE VIDEO!,sfsdfsdfsd,sdfsfsdfsdfs,sdfsdfs,Diário,154
2024-10-23,FINALIZE A EDICAO DESTE VIDEO!,sfsdfsdfsd,sdfsfsdfsdfs,sdfsdfs,Diário,155
2024-10-24,FINALIZE A EDICAO DESTE VIDEO!,sfsdfsdfsd,sdfsfsdfsdfs,sdfsdfs,Diário,156
2024-10-25,FINALIZE A EDICAO DESTE VIDEO!,sfsdfsdfsd,sdfsfsdfsdfs,sdfsdfs,Diário,157
2024-10-26,FINALIZE A EDICAO DESTE VIDEO!,sfsdfsdfsd,sdfsfsdfsdfs,sdfsdfs,Diário,158
2024-10-27,FINALIZE A EDICAO DESTE VIDEO!,sfsdfsdfsd,sdfsfsdfsdfs,sdfsdfs,Diário,159
2024-10-28,FINALIZE A EDICAO DESTE VIDEO!,sfsdfsdfsd,sdfsfsdfsdfs,sdfsdfs,Diário,160
2024-10-29,FINALIZE A EDICAO DESTE VIDEO!,sfsdfsdfsd,sdfsfsdfsdfs,sdfsdfs,Diário,161
2024-10-30,FINALIZE A EDICAO DESTE VIDEO!,sfsdfsdfsd,sdfsfsdfsdfs,sdfsdfs,Diário,162
2024-10-31,FINALIZE A EDICAO DESTE VIDEO!,sfsdfsdfsd,sdfsfsdfsdfs,sdfsdfs,Diário,163
2024-11-01,FINALIZE A EDICAO DESTE VIDEO!,sfsdfsdfsd,sdfsfsdfsdfs,sdfsdfs,Diário,164
2024-11-02,FINALIZE A EDICAO DESTE VIDEO!,sfsdfsdfsd,sdfsfsdfsdfs,sdfsdfs,Diário,165
2024-11-03,FINALIZE A EDICAO DESTE VIDEO!,sfsdfsdfsd,sdfsfsdfsdfs,sdfsdfs,Diário,166
2024-11-04,FINALIZE A EDICAO DESTE VIDEO!,sfsdfsdfsd,sdfsfsdfsdfs,sdfsdfs,Diário,167
2024-11-05,FINALIZE A EDICAO DESTE VIDEO!,sfsdfsdfsd,sdfsfsdfsdfs,sdfsdfs,Diário,168
2024-11-06,FINALIZE A EDICAO DESTE VIDEO!,sfsdfsdfsd,sdfsfsdfsdfs,sdfsdfs,Diário,169
2024-11-07,FINALIZE A EDICAO DESTE VIDEO!,sfsdfsdfsd,sdfsfsdfsdfs,sdfsdfs,Diário,170
2024-11-08,FINALIZE A EDICAO DESTE VIDEO!,sfsdfsdfsd,sdfsfsdfsdfs,sdfsdfs,Diário,171
2024-11-09,FINALIZE A EDICAO DESTE VIDEO!,sfsdfsdfsd,sdfsfsdfsdfs,sdfsdfs,Diário,172
2024-11-10,FINALIZE A EDICAO DESTE VIDEO!,sfsdfsdfsd,sdfsfsdfsdfs,sdfsdfs,Diário,173
2024-11-11,FINALIZE A EDICAO DESTE VIDEO!,sfsdfsdfsd,sdfsfsdfsdfs,sdfsdfs,Diário,174
2024-11-12,FINALIZE A EDICAO DESTE VIDEO!,sfsdfsdfsd,sdfsfsdfsdfs,sdfsdfs,Diário,175
2024-11-13,FINALIZE A EDICAO DESTE VIDEO!,sfsdfsdfsd,sdfsfsdfsdfs,sdfsdfs,Diário,176
2024-11-14,FINALIZE A EDICAO DESTE VIDEO!,sfsdfsdfsd,sdfsfsdfsdfs,sdfsdfs,Diário,177
2024-11-15,FINALIZE A EDICAO DESTE VIDEO!,sfsdfsdfsd,sdfsfsdfsdfs,sdfsdfs,Diário,178
2024-11-16,FINALIZE A EDICAO DESTE VIDEO!,sfsdfsdfsd,sdfsfsdfsdfs,sdfsdfs,Diário,179
2024-11-17,FINALIZE A EDICAO DESTE VIDEO!,sfsdfsdfsd,sdfsfsdfsdfs,sdfsdfs,Diário,180
2024-11-18,FINALIZE A EDICAO DESTE VIDEO!,sfsdfsdfsd,sdfsfsdfsdfs,sdfsdfs,Diário,181
2024-11-19,FINALIZE A EDICAO DESTE VIDEO!,sfsdfsdfsd,sdfsfsdfsdfs,sdfsdfs,Diário,182
2024-11-20,FINALIZE A EDICAO DESTE VIDEO!,sfsdfsdfsd,sdfsfsdfsdfs,sdfsdfs,Diário,183
2024-11-21,FINALIZE A EDICAO DESTE VIDEO!,sfsdfsdfsd,sdfsfsdfsdfs,sdfsdfs,Diário,184
2024-11-22,FINALIZE A EDICAO DESTE VIDEO!,sfsdfsdfsd,sdfsfsdfsdfs,sdfsdfs,Diário,185
2024-11-23,FINALIZE A EDICAO DESTE VIDEO!,sfsdfsdfsd,sdfsfsdfsdfs,sdfsdfs,Diário,186
2024-11-24,FINALIZE A EDICAO DESTE VIDEO!,sfsdfsdfsd,sdfsfsdfsdfs,sdfsdfs,Diário,187
2024-11-25,FINALIZE A EDICAO DESTE VIDEO!,sfsdfsdfsd,sdfsfsdfsdfs,sdfsdfs,Diário,188
2024-11-26,FINALIZE A EDICAO DESTE VIDEO!,sfsdfsdfsd,sdfsfsdfsdfs,sdfsdfs,Diário,189
2024-11-27,FINALIZE A EDICAO DESTE VIDEO!,sfsdfsdfsd,sdfsfsdfsdfs,sdfsdfs,Diário,190
2024-11-28,FINALIZE A EDICAO DESTE VIDEO!,sfsdfsdfsd,sdfsfsdfsdfs,sdfsdfs,Diário,191
2024-11-29,FINALIZE A EDICAO DESTE VIDEO!,sfsdfsdfsd,sdfsfsdfsdfs,sdfsdfs,Diário,192
2024-11-30,FINALIZE A EDICAO DESTE VIDEO!,sfsdfsdfsd,sdfsfsdfsdfs,sdfsdfs,Diário,193
2024-12-01,FINALIZE A EDICAO DESTE VIDEO!,sfsdfsdfsd,sdfsfsdfsdfs,sdfsdfs,Diário,194
2024-12-02,FINALIZE A EDICAO DESTE VIDEO!,sfsdfsdfsd,sdfsfsdfsdfs,sdfsdfs,Diário,195
2024-12-03,FINALIZE A EDICAO DESTE VIDEO!,sfsdfsdfsd,sdfsfsdfsdfs,sdfsdfs,Diário,196
2024-12-04,FINALIZE A EDICAO DESTE VIDEO!,sfsdfsdfsd,sdfsfsdfsdfs,sdfsdfs,Diário,197
2024-12-05,FINALIZE A EDICAO DESTE VIDEO!,sfsdfsdfsd,sdfsfsdfsdfs,sdfsdfs,Diário,198
2024-12-06,FINALIZE A EDICAO DESTE VIDEO!,sfsdfsdfsd,sdfsfsdfsdfs,sdfsdfs,Diário,199
2024-12-07,FINALIZE A EDICAO DESTE VIDEO!,sfsdfsdfsd,sdfsfsdfsdfs,sdfsdfs,Diário,200
2024-12-08,FINALIZE A EDICAO DESTE VIDEO!,sfsdfsdfsd,sdfsfsdfsdfs,sdfsdfs,Diário,201
2024-12-09,FINALIZE A EDICAO DESTE VIDEO!,sfsdfsdfsd,sdfsfsdfsdfs,sdfsdfs,Diário,202
2024-12-10,FINALIZE A EDICAO DESTE VIDEO!,sfsdfsdfsd,sdfsfsdfsdfs,sdfsdfs,Diário,203
2024-12-11,FINALIZE A EDICAO DESTE VIDEO!,sfsdfsdfsd,sdfsfsdfsdfs,sdfsdfs,Diário,204
2024-12-12,FINALIZE A EDICAO DESTE VIDEO!,sfsdfsdfsd,sdfsfsdfsdfs,sdfsdfs,Diário,205
2024-12-13,FINALIZE A EDICAO DESTE VIDEO!,sfsdfsdfsd,sdfsfsdfsdfs,sdfsdfs,Diário,206
2024-12-14,FINALIZE A EDICAO DESTE VIDEO!,sfsdfsdfsd,sdfsfsdfsdfs,sdfsdfs,Diário,207
2024-12-15,FINALIZE A EDICAO DESTE VIDEO!,sfsdfsdfsd,sdfsfsdfsdfs,sdfsdfs,Diário,208
2024-12-16,FINALIZE A EDICAO DESTE VIDEO!,sfsdfsdfsd,sdfsfsdfsdfs,sdfsdfs,Diário,209
2024-12-17,FINALIZE A EDICAO DESTE VIDEO!,sfsdfsdfsd,sdfsfsdfsdfs,sdfsdfs,Diário,210
2024-12-18,FINALIZE A EDICAO DESTE VIDEO!,sfsdfsdfsd,sdfsfsdfsdfs,sdfsdfs,Diário,211
2024-12-19,FINALIZE A EDICAO DESTE VIDEO!,sfsdfsdfsd,sdfsfsdfsdfs,sdfsdfs,Diário,212
2024-12-20,FINALIZE A EDICAO DESTE VIDEO!,sfsdfsdfsd,sdfsfsdfsdfs,sdfsdfs,Diário,213
2024-12-21,FINALIZE A EDICAO DESTE VIDEO!,sfsdfsdfsd,sdfsfsdfsdfs,sdfsdfs,Diário,214
2024-12-22,FINALIZE A EDICAO DESTE VIDEO!,sfsdfsdfsd,sdfsfsdfsdfs,sdfsdfs,Diário,215
2024-12-23,FINALIZE A EDICAO DESTE VIDEO!,sfsdfsdfsd,sdfsfsdfsdfs,sdfsdfs,Diário,216
2024-12-24,FINALIZE A EDICAO DESTE VIDEO!,sfsdfsdfsd,sdfsfsdfsdfs,sdfsdfs,Diário,217
2024-12-25,FINALIZE A EDICAO DESTE VIDEO!,sfsdfsdfsd,sdfsfsdfsdfs,sdfsdfs,Diário,218
2024-12-26,FINALIZE A EDICAO DESTE VIDEO!,sfsdfsdfsd,sdfsfsdfsdfs,sdfsdfs,Diário,219
2024-12-27,FINALIZE A EDICAO DESTE VIDEO!,sfsdfsdfsd,sdfsfsdfsdfs,sdfsdfs,Diário,220
2024-12-28,FINALIZE A EDICAO DESTE VIDEO!,sfsdfsdfsd,sdfsfsdfsdfs,sdfsdfs,Diário,221
2024-12-29,FINALIZE A EDICAO DESTE VIDEO!,sfsdfsdfsd,sdfsfsdfsdfs,sdfsdfs,Diário,222
2024-12-30,FINALIZE A EDICAO DESTE VIDEO!,sfsdfsdfsd,sdfsfsdfsdfs,sdfsdfs,Diário,223
2024-12-31,FINALIZE A EDICAO DESTE VIDEO!,sfsdfsdfsd,sdfsfsdfsdfs,sdfsdfs,Diário,224
2025-01-01,FINALIZE A EDICAO DESTE VIDEO!,sfsdfsdfsd,sdfsfsdfsdfs,sdfsdfs,Diário,225
2025-01-02,FINALIZE A EDICAO DESTE VIDEO!,sfsdfsdfsd,sdfsfsdfsdfs,sdfsdfs,Diário,226
2025-01-03,FINALIZE A EDICAO DESTE VIDEO!,sfsdfsdfsd,sdfsfsdfsdfs,sdfsdfs,Diário,227
2025-01-04,FINALIZE A EDICAO DESTE VIDEO!,sfsdfsdfsd,sdfsfsdfsdfs,sdfsdfs,Diário,228
2025-01-05,FINALIZE A EDICAO DESTE VIDEO!,sfsdfsdfsd,sdfsfsdfsdfs,sdfsdfs,Diário,229
2025-01-06,FINALIZE A EDICAO DESTE VIDEO!,sfsdfsdfsd,sdfsfsdfsdfs,sdfsdfs,Diário,230
2025-01-07,FINALIZE A EDICAO DESTE VIDEO!,sfsdfsdfsd,sdfsfsdfsdfs,sdfsdfs,Diário,231
2025-01-08,FINALIZE A EDICAO DESTE VIDEO!,sfsdfsdfsd,sdfsfsdfsdfs,sdfsdfs,Diário,232
2025-01-09,FINALIZE A EDICAO DESTE VIDEO!,sfsdfsdfsd,sdfsfsdfsdfs,sdfsdfs,Diário,233
2025-01-10,FINALIZE A EDICAO DESTE VIDEO!,sfsdfsdfsd,sdfsfsdfsdfs,sdfsdfs,Diário,234
2025-01-11,FINALIZE A EDICAO DESTE VIDEO!,sfsdfsdfsd,sdfsfsdfsdfs,sdfsdfs,Diário,235
2025-01-12,FINALIZE A EDICAO DESTE VIDEO!,sfsdfsdfsd,sdfsfsdfsdfs,sdfsdfs,Diário,236
2025-01-13,FINALIZE A EDICAO DESTE VIDEO!,sfsdfsdfsd,sdfsfsdfsdfs,sdfsdfs,Diário,237
2025-01-14,FINALIZE A EDICAO DESTE VIDEO!,sfsdfsdfsd,sdfsfsdfsdfs,sdfsdfs,Diário,238
2025-01-15,FINALIZE A EDICAO DESTE VIDEO!,sfsdfsdfsd,sdfsfsdfsdfs,sdfsdfs,Diário,239
2025-01-16,FINALIZE A EDICAO DESTE VIDEO!,sfsdfsdfsd,sdfsfsdfsdfs,sdfsdfs,Diário,240
2025-01-17,FINALIZE A EDICAO DESTE VIDEO!,sfsdfsdfsd,sdfsfsdfsdfs,sdfsdfs,Diário,241
2025-01-18,FINALIZE A EDICAO DESTE VIDEO!,sfsdfsdfsd,sdfsfsdfsdfs,sdfsdfs,Diário,242
2025-01-19,FINALIZE A EDICAO DESTE VIDEO!,sfsdfsdfsd,sdfsfsdfsdfs,sdfsdfs,Diário,243
2025-01-20,FINALIZE A EDICAO DESTE VIDEO!,sfsdfsdfsd,sdfsfsdfsdfs,sdfsdfs,Diário,244
2025-01-21,FINALIZE A EDICAO DESTE VIDEO!,sfsdfsdfsd,sdfsfsdfsdfs,sdfsdfs,Diário,245
2025-01-22,FINALIZE A EDICAO DESTE VIDEO!,sfsdfsdfsd,sdfsfsdfsdfs,sdfsdfs,Diário,246
2025-01-23,FINALIZE A EDICAO DESTE VIDEO!,sfsdfsdfsd,sdfsfsdfsdfs,sdfsdfs,Diário,247
2025-01-24,FINALIZE A EDICAO DESTE VIDEO!,sfsdfsdfsd,sdfsfsdfsdfs,sdfsdfs,Diário,248
2025-01-25,FINALIZE A EDICAO DESTE VIDEO!,sfsdfsdfsd,sdfsfsdfsdfs,sdfsdfs,Diário,249
2025-01-26,FINALIZE A EDICAO DESTE VIDEO!,sfsdfsdfsd,sdfsfsdfsdfs,sdfsdfs,Diário,250
2025-01-27,FINALIZE A EDICAO DESTE VIDEO!,sfsdfsdfsd,sdfsfsdfsdfs,sdfsdfs,Diário,251
2025-01-28,FINALIZE A EDICAO DESTE VIDEO!,sfsdfsdfsd,sdfsfsdfsdfs,sdfsdfs,Diário,252
2025-01-29,FINALIZE A EDICAO DESTE VIDEO!,sfsdfsdfsd,sdfsfsdfsdfs,sdfsdfs,Diário,253
2025-01-30,FINALIZE A EDICAO DESTE VIDEO!,sfsdfsdfsd,sdfsfsdfsdfs,sdfsdfs,Diário,254
2025-01-31,FINALIZE A EDICAO DESTE VIDEO!,sfsdfsdfsd,sdfsfsdfsdfs,sdfsdfs,Diário,255
2025-02-01,FINALIZE A EDICAO DESTE VIDEO!,sfsdfsdfsd,sdfsfsdfsdfs,sdfsdfs,Diário,256
2025-02-02,FINALIZE A EDICAO DESTE VIDEO!,sfsdfsdfsd,sdfsfsdfsdfs,sdfsdfs,Diário,257
2025-02-03,FINALIZE A EDICAO DESTE VIDEO!,sfsdfsdfsd,sdfsfsdfsdfs,sdfsdfs,Diário,258
2025-02-04,FINALIZE A EDICAO DESTE VIDEO!,sfsdfsdfsd,sdfsfsdfsdfs,sdfsdfs,Diário,259
2025-02-05,FINALIZE A EDICAO DESTE VIDEO!,sfsdfsdfsd,sdfsfsdfsdfs,sdfsdfs,Diário,260
2025-02-06,FINALIZE A EDICAO DESTE VIDEO!,sfsdfsdfsd,sdfsfsdfsdfs,sdfsdfs,Diário,261
2025-02-07,FINALIZE A EDICAO DESTE VIDEO!,sfsdfsdfsd,sdfsfsdfsdfs,sdfsdfs,Diário,262
2025-02-08,FINALIZE A EDICAO DESTE VIDEO!,sfsdfsdfsd,sdfsfsdfsdfs,sdfsdfs,Diário,263
2025-02-09,FINALIZE A EDICAO DESTE VIDEO!,sfsdfsdfsd,sdfsfsdfsdfs,sdfsdfs,Diário,264
2025-02-10,FINALIZE A EDICAO DESTE VIDEO!,sfsdfsdfsd,sdfsfsdfsdfs,sdfsdfs,Diário,265
2025-02-11,FINALIZE A EDICAO DESTE VIDEO!,sfsdfsdfsd,sdfsfsdfsdfs,sdfsdfs,Diário,266
2025-02-12,FINALIZE A EDICAO DESTE VIDEO!,sfsdfsdfsd,sdfsfsdfsdfs,sdfsdfs,Diário,267
2025-02-13,FINALIZE A EDICAO DESTE VIDEO!,sfsdfsdfsd,sdfsfsdfsdfs,sdfsdfs,Diário,268
2025-02-14,FINALIZE A EDICAO DESTE VIDEO!,sfsdfsdfsd,sdfsfsdfsdfs,sdfsdfs,Diário,269
2025-02-15,FINALIZE A EDICAO DESTE VIDEO!,sfsdfsdfsd,sdfsfsdfsdfs,sdfsdfs,Diário,270
2025-02-16,FINALIZE A EDICAO DESTE VIDEO!,sfsdfsdfsd,sdfsfsdfsdfs,sdfsdfs,Diário,271
2025-02-17,FINALIZE A EDICAO DESTE VIDEO!,sfsdfsdfsd,sdfsfsdfsdfs,sdfsdfs,Diário,272
2025-02-18,FINALIZE A EDICAO DESTE VIDEO!,sfsdfsdfsd,sdfsfsdfsdfs,sdfsdfs,Diário,273
2025-02-19,FINALIZE A EDICAO DESTE VIDEO!,sfsdfsdfsd,sdfsfsdfsdfs,sdfsdfs,Diário,274
2025-02-20,FINALIZE A EDICAO DESTE VIDEO!,sfsdfsdfsd,sdfsfsdfsdfs,sdfsdfs,Diário,275
2025-02-21,FINALIZE A EDICAO DESTE VIDEO!,sfsdfsdfsd,sdfsfsdfsdfs,sdfsdfs,Diário,276
2025-02-22,FINALIZE A EDICAO DESTE VIDEO!,sfsdfsdfsd,sdfsfsdfsdfs,sdfsdfs,Diário,277
2025-02-23,FINALIZE A EDICAO DESTE VIDEO!,sfsdfsdfsd,sdfsfsdfsdfs,sdfsdfs,Diário,278
2025-02-24,FINALIZE A EDICAO DESTE VIDEO!,sfsdfsdfsd,sdfsfsdfsdfs,sdfsdfs,Diário,279
2025-02-25,FINALIZE A EDICAO DESTE VIDEO!,sfsdfsdfsd,sdfsfsdfsdfs,sdfsdfs,Diário,280
2025-02-26,FINALIZE A EDICAO DESTE VIDEO!,sfsdfsdfsd,sdfsfsdfsdfs,sdfsdfs,Diário,281
2025-02-27,FINALIZE A EDICAO DESTE VIDEO!,sfsdfsdfsd,sdfsfsdfsdfs,sdfsdfs,Diário,282
2025-02-28,FINALIZE A EDICAO DESTE VIDEO!,sfsdfsdfsd,sdfsfsdfsdfs,sdfsdfs,Diário,283
2025-03-01,FINALIZE A EDICAO DESTE VIDEO!,sfsdfsdfsd,sdfsfsdfsdfs,sdfsdfs,Diário,284
2025-03-02,FINALIZE A EDICAO DESTE VIDEO!,sfsdfsdfsd,sdfsfsdfsdfs,sdfsdfs,Diário,285
2025-03-03,FINALIZE A EDICAO DESTE VIDEO!,sfsdfsdfsd,sdfsfsdfsdfs,sdfsdfs,Diário,286
2025-03-04,FINALIZE A EDICAO DESTE VIDEO!,sfsdfsdfsd,sdfsfsdfsdfs,sdfsdfs,Diário,287
2025-03-05,FINALIZE A EDICAO DESTE VIDEO!,sfsdfsdfsd,sdfsfsdfsdfs,sdfsdfs,Diário,288
2025-03-06,FINALIZE A EDICAO DESTE VIDEO!,sfsdfsdfsd,sdfsfsdfsdfs,sdfsdfs,Diário,289
2025-03-07,FINALIZE A EDICAO DESTE VIDEO!,sfsdfsdfsd,sdfsfsdfsdfs,sdfsdfs,Diário,290
2025-03-08,FINALIZE A EDICAO DESTE VIDEO!,sfsdfsdfsd,sdfsfsdfsdfs,sdfsdfs,Diário,291
2025-03-09,FINALIZE A EDICAO DESTE VIDEO!,sfsdfsdfsd,sdfsfsdfsdfs,sdfsdfs,Diário,292
2025-03-10,FINALIZE A EDICAO DESTE VIDEO!,sfsdfsdfsd,sdfsfsdfsdfs,sdfsdfs,Diário,293
2025-03-11,FINALIZE A EDICAO DESTE VIDEO!,sfsdfsdfsd,sdfsfsdfsdfs,sdfsdfs,Diário,294
2025-03-12,FINALIZE A EDICAO DESTE VIDEO!,sfsdfsdfsd,sdfsfsdfsdfs,sdfsdfs,Diário,295
2025-03-13,FINALIZE A EDICAO DESTE VIDEO!,sfsdfsdfsd,sdfsfsdfsdfs,sdfsdfs,Diário,296
2025-03-14,FINALIZE A EDICAO DESTE VIDEO!,sfsdfsdfsd,sdfsfsdfsdfs,sdfsdfs,Diário,297
2025-03-15,FINALIZE A EDICAO DESTE VIDEO!,sfsdfsdfsd,sdfsfsdfsdfs,sdfsdfs,Diário,298
2025-03-16,FINALIZE A EDICAO DESTE VIDEO!,sfsdfsdfsd,sdfsfsdfsdfs,sdfsdfs,Diário,299
2025-03-17,FINALIZE A EDICAO DESTE VIDEO!,sfsdfsdfsd,sdfsfsdfsdfs,sdfsdfs,Diário,300
2025-03-18,FINALIZE A EDICAO DESTE VIDEO!,sfsdfsdfsd,sdfsfsdfsdfs,sdfsdfs,Diário,301
2025-03-19,FINALIZE A EDICAO DESTE VIDEO!,sfsdfsdfsd,sdfsfsdfsdfs,sdfsdfs,Diário,302
2025-03-20,FINALIZE A EDICAO DESTE VIDEO!,sfsdfsdfsd,sdfsfsdfsdfs,sdfsdfs,Diário,303
2025-03-21,FINALIZE A EDICAO DESTE VIDEO!,sfsdfsdfsd,sdfsfsdfsdfs,sdfsdfs,Diário,304
2025-03-22,FINALIZE A EDICAO DESTE VIDEO!,sfsdfsdfsd,sdfsfsdfsdfs,sdfsdfs,Diário,305
2025-03-23,FINALIZE A EDICAO DESTE VIDEO!,sfsdfsdfsd,sdfsfsdfsdfs,sdfsdfs,Diário,306
2025-03-24,FINALIZE A EDICAO DESTE VIDEO!,sfsdfsdfsd,sdfsfsdfsdfs,sdfsdfs,Diário,307
2025-03-25,FINALIZE A EDICAO DESTE VIDEO!,sfsdfsdfsd,sdfsfsdfsdfs,sdfsdfs,Diário,308
2025-03-26,FINALIZE A EDICAO DESTE VIDEO!,sfsdfsdfsd,sdfsfsdfsdfs,sdfsdfs,Diário,309
2025-03-27,FINALIZE A EDICAO DESTE VIDEO!,sfsdfsdfsd,sdfsfsdfsdfs,sdfsdfs,Diário,310
2025-03-28,FINALIZE A EDICAO DESTE VIDEO!,sfsdfsdfsd,sdfsfsdfsdfs,sdfsdfs,Diário,311
2025-03-29,FINALIZE A EDICAO DESTE VIDEO!,sfsdfsdfsd,sdfsfsdfsdfs,sdfsdfs,Diário,312
2025-03-30,FINALIZE A EDICAO DESTE VIDEO!,sfsdfsdfsd,sdfsfsdfsdfs,sdfsdfs,Diário,313
2025-03-31,FINALIZE A EDICAO DESTE VIDEO!,sfsdfsdfsd,sdfsfsdfsdfs,sdfsdfs,Diário,314
2025-04-01,FINALIZE A EDICAO DESTE VIDEO!,sfsdfsdfsd,sdfsfsdfsdfs,sdfsdfs,Diário,315
2025-04-02,FINALIZE A EDICAO DESTE VIDEO!,sfsdfsdfsd,sdfsfsdfsdfs,sdfsdfs,Diário,316
2025-04-03,FINALIZE A EDICAO DESTE VIDEO!,sfsdfsdfsd,sdfsfsdfsdfs,sdfsdfs,Diário,317
2025-04-04,FINALIZE A EDICAO DESTE VIDEO!,sfsdfsdfsd,sdfsfsdfsdfs,sdfsdfs,Diário,318
2025-04-05,FINALIZE A EDICAO DESTE VIDEO!,sfsdfsdfsd,sdfsfsdfsdfs,sdfsdfs,Diário,319
2025-04-06,FINALIZE A EDICAO DESTE VIDEO!,sfsdfsdfsd,sdfsfsdfsdfs,sdfsdfs,Diário,320
2025-04-07,FINALIZE A EDICAO DESTE VIDEO!,sfsdfsdfsd,sdfsfsdfsdfs,sdfsdfs,Diário,321
2025-04-08,FINALIZE A EDICAO DESTE VIDEO!,sfsdfsdfsd,sdfsfsdfsdfs,sdfsdfs,Diário,322
2025-04-09,FINALIZE A EDICAO DESTE VIDEO!,sfsdfsdfsd,sdfsfsdfsdfs,sdfsdfs,Diário,323
2025-04-10,FINALIZE A EDICAO DESTE VIDEO!,sfsdfsdfsd,sdfsfsdfsdfs,sdfsdfs,Diário,324
2025-04-11,FINALIZE A EDICAO DESTE VIDEO!,sfsdfsdfsd,sdfsfsdfsdfs,sdfsdfs,Diário,325
2025-04-12,FINALIZE A EDICAO DESTE VIDEO!,sfsdfsdfsd,sdfsfsdfsdfs,sdfsdfs,Diário,326
2025-04-13,FINALIZE A EDICAO DESTE VIDEO!,sfsdfsdfsd,sdfsfsdfsdfs,sdfsdfs,Diário,327
2025-04-14,FINALIZE A EDICAO DESTE VIDEO!,sfsdfsdfsd,sdfsfsdfsdfs,sdfsdfs,Diário,328
2025-04-15,FINALIZE A EDICAO DESTE VIDEO!,sfsdfsdfsd,sdfsfsdfsdfs,sdfsdfs,Diário,329
2025-04-16,FINALIZE A EDICAO DESTE VIDEO!,sfsdfsdfsd,sdfsfsdfsdfs,sdfsdfs,Diário,330
2025-04-17,FINALIZE A EDICAO DESTE VIDEO!,sfsdfsdfsd,sdfsfsdfsdfs,sdfsdfs,Diário,331
2025-04-18,FINALIZE A EDICAO DESTE VIDEO!,sfsdfsdfsd,sdfsfsdfsdfs,sdfsdfs,Diário,332
2025-04-19,FINALIZE A EDICAO DESTE VIDEO!,sfsdfsdfsd,sdfsfsdfsdfs,sdfsdfs,Diário,333
2025-04-20,FINALIZE A EDICAO DESTE VIDEO!,sfsdfsdfsd,sdfsfsdfsdfs,sdfsdfs,Diário,334
2025-04-21,FINALIZE A EDICAO DESTE VIDEO!,sfsdfsdfsd,sdfsfsdfsdfs,sdfsdfs,Diário,335
2025-04-22,FINALIZE A EDICAO DESTE VIDEO!,sfsdfsdfsd,sdfsfsdfsdfs,sdfsdfs,Diário,336
2025-04-23,FINALIZE A EDICAO DESTE VIDEO!,sfsdfsdfsd,sdfsfsdfsdfs,sdfsdfs,Diário,337
2025-04-24,FINALIZE A EDICAO DESTE VIDEO!,sfsdfsdfsd,sdfsfsdfsdfs,sdfsdfs,Diário,338
2025-04-25,FINALIZE A EDICAO DESTE VIDEO!,sfsdfsdfsd,sdfsfsdfsdfs,sdfsdfs,Diário,339
2025-04-26,FINALIZE A EDICAO DESTE VIDEO!,sfsdfsdfsd,sdfsfsdfsdfs,sdfsdfs,Diário,340
2025-04-27,FINALIZE A EDICAO DESTE VIDEO!,sfsdfsdfsd,sdfsfsdfsdfs,sdfsdfs,Diário,341
2025-04-28,FINALIZE A EDICAO DESTE VIDEO!,sfsdfsdfsd,sdfsfsdfsdfs,sdfsdfs,Diário,342
2025-04-29,FINALIZE A EDICAO DESTE VIDEO!,sfsdfsdfsd,sdfsfsdfsdfs,sdfsdfs,Diário,343
2025-04-30,FINALIZE A EDICAO DESTE VIDEO!,sfsdfsdfsd,sdfsfsdfsdfs,sdfsdfs,Diário,344
2025-05-01,FINALIZE A EDICAO DESTE VIDEO!,sfsdfsdfsd,sdfsfsdfsdfs,sdfsdfs,Diário,345
2025-05-02,FINALIZE A EDICAO DESTE VIDEO!,sfsdfsdfsd,sdfsfsdfsdfs,sdfsdfs,Diário,346
2025-05-03,FINALIZE A EDICAO DESTE VIDEO!,sfsdfsdfsd,sdfsfsdfsdfs,sdfsdfs,Diário,347
2025-05-04,FINALIZE A EDICAO DESTE VIDEO!,sfsdfsdfsd,sdfsfsdfsdfs,sdfsdfs,Diário,348
2025-05-05,FINALIZE A EDICAO DESTE VIDEO!,sfsdfsdfsd,sdfsfsdfsdfs,sdfsdfs,Diário,349
2025-05-06,FINALIZE A EDICAO DESTE VIDEO!,sfsdfsdfsd,sdfsfsdfsdfs,sdfsdfs,Diário,350
2025-05-07,FINALIZE A EDICAO DESTE VIDEO!,sfsdfsdfsd,sdfsfsdfsdfs,sdfsdfs,Diário,351
2025-05-08,FINALIZE A EDICAO DESTE VIDEO!,sfsdfsdfsd,sdfsfsdfsdfs,sdfsdfs,Diário,352
2025-05-09,FINALIZE A EDICAO DESTE VIDEO!,sfsdfsdfsd,sdfsfsdfsdfs,sdfsdfs,Diário,353
2025-05-10,FINALIZE A EDICAO DESTE VIDEO!,sfsdfsdfsd,sdfsfsdfsdfs,sdfsdfs,Diário,354
2025-05-11,FINALIZE A EDICAO DESTE VIDEO!,sfsdfsdfsd,sdfsfsdfsdfs,sdfsdfs,Diário,355
2025-05-12,FINALIZE A EDICAO DESTE VIDEO!,sfsdfsdfsd,sdfsfsdfsdfs,sdfsdfs,Diário,356
2025-05-13,FINALIZE A EDICAO DESTE VIDEO!,sfsdfsdfsd,sdfsfsdfsdfs,sdfsdfs,Diário,357
2025-05-14,FINALIZE A EDICAO DESTE VIDEO!,sfsdfsdfsd,sdfsfsdfsdfs,sdfsdfs,Diário,358
2025-05-15,FINALIZE A EDICAO DESTE VIDEO!,sfsdfsdfsd,sdfsfsdfsdfs,sdfsdfs,Diário,359
2025-05-16,FINALIZE A EDICAO DESTE VIDEO!,sfsdfsdfsd,sdfsfsdfsdfs,sdfsdfs,Diário,360
2025-05-17,FINALIZE A EDICAO DESTE VIDEO!,sfsdfsdfsd,sdfsfsdfsdfs,sdfsdfs,Diário,361
2025-05-18,FINALIZE A EDICAO DESTE VIDEO!,sfsdfsdfsd,sdfsfsdfsdfs,sdfsdfs,Diário,362
2025-05-19,FINALIZE A EDICAO DESTE VIDEO!,sfsdfsdfsd,sdfsfsdfsdfs,sdfsdfs,Diário,363
2025-05-20,FINALIZE A EDICAO DESTE VIDEO!,sfsdfsdfsd,sdfsfsdfsdfs,sdfsdfs,Diário,364
